-- MySQL dump 10.13  Distrib 8.0.46, for Linux (x86_64)
--
-- Host: localhost    Database: be_btvn
-- ------------------------------------------------------
-- Server version	8.0.46

/*!40101 SET @OLD_CHARACTER_SET_CLIENT=@@CHARACTER_SET_CLIENT */;
/*!40101 SET @OLD_CHARACTER_SET_RESULTS=@@CHARACTER_SET_RESULTS */;
/*!40101 SET @OLD_COLLATION_CONNECTION=@@COLLATION_CONNECTION */;
/*!50503 SET NAMES utf8mb4 */;
/*!40103 SET @OLD_TIME_ZONE=@@TIME_ZONE */;
/*!40103 SET TIME_ZONE='+00:00' */;
/*!40014 SET @OLD_UNIQUE_CHECKS=@@UNIQUE_CHECKS, UNIQUE_CHECKS=0 */;
/*!40014 SET @OLD_FOREIGN_KEY_CHECKS=@@FOREIGN_KEY_CHECKS, FOREIGN_KEY_CHECKS=0 */;
/*!40101 SET @OLD_SQL_MODE=@@SQL_MODE, SQL_MODE='NO_AUTO_VALUE_ON_ZERO' */;
/*!40111 SET @OLD_SQL_NOTES=@@SQL_NOTES, SQL_NOTES=0 */;

--
-- Table structure for table `brands`
--

DROP TABLE IF EXISTS `brands`;
/*!40101 SET @saved_cs_client     = @@character_set_client */;
/*!50503 SET character_set_client = utf8mb4 */;
CREATE TABLE `brands` (
  `id` int NOT NULL AUTO_INCREMENT,
  `name` varchar(100) NOT NULL,
  `imageUrl` varchar(500) DEFAULT NULL,
  `createdAt` datetime NOT NULL,
  `updatedAt` datetime NOT NULL,
  PRIMARY KEY (`id`)
) ENGINE=InnoDB AUTO_INCREMENT=30 DEFAULT CHARSET=utf8mb4 COLLATE=utf8mb4_0900_ai_ci;
/*!40101 SET character_set_client = @saved_cs_client */;

--
-- Dumping data for table `brands`
--

LOCK TABLES `brands` WRITE;
/*!40000 ALTER TABLE `brands` DISABLE KEYS */;
INSERT INTO `brands` VALUES (1,'Asus','https://upload.wikimedia.org/wikipedia/commons/2/2e/ASUS_Logo.svg','2026-04-23 16:50:29','2026-04-23 16:50:29'),(2,'Dell','https://upload.wikimedia.org/wikipedia/commons/1/18/Dell_logo_2016.svg','2026-04-23 16:50:29','2026-04-23 16:50:29'),(3,'Lenovo','https://upload.wikimedia.org/wikipedia/commons/b/b8/Lenovo_logo_2015.svg','2026-04-23 16:50:29','2026-04-23 16:50:29'),(4,'HP','https://upload.wikimedia.org/wikipedia/commons/a/ad/HP_logo_2012.svg','2026-04-23 16:50:29','2026-04-23 16:50:29'),(5,'Acer','https://upload.wikimedia.org/wikipedia/commons/0/00/Acer_2011.svg','2026-04-23 16:50:29','2026-04-23 16:50:29'),(6,'MSI','https://upload.wikimedia.org/wikipedia/commons/9/99/MSI_logo_%282021%29.svg','2026-04-23 16:50:29','2026-04-23 16:50:29'),(7,'Apple','https://upload.wikimedia.org/wikipedia/commons/f/fa/Apple_logo_black.svg','2026-04-23 16:50:29','2026-04-23 16:50:29'),(8,'Gigabyte','https://upload.wikimedia.org/wikipedia/commons/8/8d/Gigabyte_Technology_logo.svg','2026-04-23 16:50:29','2026-04-23 16:50:29'),(9,'E-Dra',NULL,'2026-04-23 16:50:29','2026-04-23 16:50:29'),(10,'Warrior',NULL,'2026-04-23 16:50:29','2026-04-23 16:50:29'),(11,'Razer','https://upload.wikimedia.org/wikipedia/commons/7/76/Razer_logo.svg','2026-04-23 16:50:29','2026-04-23 16:50:29'),(12,'Akko',NULL,'2026-04-23 16:50:29','2026-04-23 16:50:29'),(13,'Logitech','https://upload.wikimedia.org/wikipedia/commons/0/0b/Logitech_logo.svg','2026-04-23 16:50:29','2026-04-23 16:50:29'),(14,'Keychron',NULL,'2026-04-23 16:50:29','2026-04-23 16:50:29'),(15,'Fuhlen',NULL,'2026-04-23 16:50:29','2026-04-23 16:50:29'),(16,'MCHOSE',NULL,'2026-04-23 16:50:29','2026-04-23 16:50:29'),(17,'Dareu',NULL,'2026-04-23 16:50:29','2026-04-23 16:50:29'),(18,'Aula',NULL,'2026-04-23 16:50:29','2026-04-23 16:50:29'),(19,'Rapoo',NULL,'2026-04-23 16:50:29','2026-04-23 16:50:29'),(20,'Corsair','https://upload.wikimedia.org/wikipedia/commons/2/2f/Corsair_Logo.svg','2026-04-23 16:50:29','2026-04-23 16:50:29'),(21,'Targus',NULL,'2026-04-23 16:50:29','2026-04-23 16:50:29'),(22,'ATK',NULL,'2026-04-23 16:50:29','2026-04-23 16:50:29'),(23,'Hyper Work',NULL,'2026-04-23 16:50:29','2026-04-23 16:50:29'),(24,'Newmen',NULL,'2026-04-23 16:50:29','2026-04-23 16:50:29'),(25,'MicroPack',NULL,'2026-04-23 16:50:29','2026-04-23 16:50:29'),(26,'R8',NULL,'2026-04-23 16:50:29','2026-04-23 16:50:29'),(27,'Khác',NULL,'2026-04-23 16:50:29','2026-04-23 16:50:29'),(28,'Mofii',NULL,'2026-04-23 16:50:29','2026-04-23 16:50:29'),(29,'Ugreen',NULL,'2026-04-23 16:50:29','2026-04-23 16:50:29');
/*!40000 ALTER TABLE `brands` ENABLE KEYS */;
UNLOCK TABLES;

--
-- Table structure for table `cart_items`
--

DROP TABLE IF EXISTS `cart_items`;
/*!40101 SET @saved_cs_client     = @@character_set_client */;
/*!50503 SET character_set_client = utf8mb4 */;
CREATE TABLE `cart_items` (
  `id` int NOT NULL AUTO_INCREMENT,
  `cartId` int NOT NULL,
  `productId` int NOT NULL,
  `quantity` int NOT NULL DEFAULT '1',
  `createdAt` datetime NOT NULL,
  `updatedAt` datetime NOT NULL,
  PRIMARY KEY (`id`),
  KEY `cartId` (`cartId`),
  KEY `productId` (`productId`),
  CONSTRAINT `cart_items_ibfk_1` FOREIGN KEY (`cartId`) REFERENCES `carts` (`id`) ON DELETE CASCADE ON UPDATE CASCADE,
  CONSTRAINT `cart_items_ibfk_2` FOREIGN KEY (`productId`) REFERENCES `products` (`id`) ON UPDATE CASCADE
) ENGINE=InnoDB DEFAULT CHARSET=utf8mb4 COLLATE=utf8mb4_0900_ai_ci;
/*!40101 SET character_set_client = @saved_cs_client */;

--
-- Dumping data for table `cart_items`
--

LOCK TABLES `cart_items` WRITE;
/*!40000 ALTER TABLE `cart_items` DISABLE KEYS */;
/*!40000 ALTER TABLE `cart_items` ENABLE KEYS */;
UNLOCK TABLES;

--
-- Table structure for table `carts`
--

DROP TABLE IF EXISTS `carts`;
/*!40101 SET @saved_cs_client     = @@character_set_client */;
/*!50503 SET character_set_client = utf8mb4 */;
CREATE TABLE `carts` (
  `id` int NOT NULL AUTO_INCREMENT,
  `userId` int NOT NULL,
  `createdAt` datetime NOT NULL,
  `updatedAt` datetime NOT NULL,
  PRIMARY KEY (`id`),
  UNIQUE KEY `userId` (`userId`),
  CONSTRAINT `carts_ibfk_1` FOREIGN KEY (`userId`) REFERENCES `users` (`id`) ON DELETE CASCADE ON UPDATE CASCADE
) ENGINE=InnoDB DEFAULT CHARSET=utf8mb4 COLLATE=utf8mb4_0900_ai_ci;
/*!40101 SET character_set_client = @saved_cs_client */;

--
-- Dumping data for table `carts`
--

LOCK TABLES `carts` WRITE;
/*!40000 ALTER TABLE `carts` DISABLE KEYS */;
/*!40000 ALTER TABLE `carts` ENABLE KEYS */;
UNLOCK TABLES;

--
-- Table structure for table `categories`
--

DROP TABLE IF EXISTS `categories`;
/*!40101 SET @saved_cs_client     = @@character_set_client */;
/*!50503 SET character_set_client = utf8mb4 */;
CREATE TABLE `categories` (
  `id` int NOT NULL AUTO_INCREMENT,
  `name` varchar(100) NOT NULL,
  `parentId` int DEFAULT NULL,
  `description` text,
  `image` varchar(500) DEFAULT NULL,
  `isActive` tinyint(1) NOT NULL DEFAULT '1',
  `createdAt` datetime NOT NULL,
  `updatedAt` datetime NOT NULL,
  PRIMARY KEY (`id`),
  KEY `parentId` (`parentId`),
  CONSTRAINT `categories_ibfk_1` FOREIGN KEY (`parentId`) REFERENCES `categories` (`id`) ON DELETE SET NULL ON UPDATE CASCADE
) ENGINE=InnoDB AUTO_INCREMENT=12 DEFAULT CHARSET=utf8mb4 COLLATE=utf8mb4_0900_ai_ci;
/*!40101 SET character_set_client = @saved_cs_client */;

--
-- Dumping data for table `categories`
--

LOCK TABLES `categories` WRITE;
/*!40000 ALTER TABLE `categories` DISABLE KEYS */;
INSERT INTO `categories` VALUES (1,'Laptops',NULL,NULL,'https://images.unsplash.com/photo-1517336714739-489689fd1ca8?q=80&w=900&auto=format&fit=crop',1,'2026-04-23 16:50:29','2026-04-23 16:50:29'),(2,'Accessories',NULL,NULL,'https://images.unsplash.com/photo-1527814050087-3793815479db?q=80&w=900&auto=format&fit=crop',1,'2026-04-23 16:50:29','2026-04-23 16:50:29'),(3,'Gaming Laptops',1,NULL,'https://images.unsplash.com/photo-1603302576837-37561b2e2302?q=80&w=900&auto=format&fit=crop',1,'2026-04-23 16:50:29','2026-04-23 16:50:29'),(4,'Ultrabooks',1,NULL,'https://images.unsplash.com/photo-1496181133206-80ce9b88a853?q=80&w=900&auto=format&fit=crop',1,'2026-04-23 16:50:29','2026-04-23 16:50:29'),(5,'MacBooks',1,NULL,'https://images.unsplash.com/photo-1517336714460-d150858cd52d?q=80&w=900&auto=format&fit=crop',1,'2026-04-23 16:50:29','2026-04-23 16:50:29'),(6,'Mice',2,NULL,'https://images.unsplash.com/photo-1615663245857-ac1eebc3f972?q=80&w=900&auto=format&fit=crop',1,'2026-04-23 16:50:29','2026-04-23 16:50:29'),(7,'Keyboards',2,NULL,'https://images.unsplash.com/photo-1595225476474-87563907a212?q=80&w=900&auto=format&fit=crop',1,'2026-04-23 16:50:29','2026-04-23 16:50:29'),(8,'Headphones',2,NULL,'https://images.unsplash.com/photo-1618366712010-f4ae9c647dcb?q=80&w=900&auto=format&fit=crop',1,'2026-04-23 16:50:29','2026-04-23 16:50:29'),(9,'Mousepads',2,NULL,'https://images.unsplash.com/photo-1613141412501-9012977f1969?q=80&w=900&auto=format&fit=crop',1,'2026-04-23 16:50:29','2026-04-23 16:50:29'),(10,'Gaming Chairs',2,NULL,'https://images.unsplash.com/photo-1598550476439-6847785fcea6?q=80&w=900&auto=format&fit=crop',1,'2026-04-23 16:50:29','2026-04-23 16:50:29'),(11,'Other Accessories',2,NULL,'https://images.unsplash.com/photo-1588872657578-7efd1f1555ed?q=80&w=900&auto=format&fit=crop',1,'2026-04-23 16:50:29','2026-04-23 16:50:29');
/*!40000 ALTER TABLE `categories` ENABLE KEYS */;
UNLOCK TABLES;

--
-- Table structure for table `coupons`
--

DROP TABLE IF EXISTS `coupons`;
/*!40101 SET @saved_cs_client     = @@character_set_client */;
/*!50503 SET character_set_client = utf8mb4 */;
CREATE TABLE `coupons` (
  `id` int NOT NULL AUTO_INCREMENT,
  `code` varchar(50) NOT NULL,
  `type` enum('PERCENT','AMOUNT') NOT NULL,
  `value` decimal(12,2) NOT NULL,
  `minOrderValue` decimal(12,2) NOT NULL DEFAULT '0.00',
  `maxDiscountValue` decimal(12,2) DEFAULT NULL,
  `startDate` datetime NOT NULL,
  `endDate` datetime NOT NULL,
  `usageLimit` int NOT NULL DEFAULT '100',
  `usedCount` int NOT NULL DEFAULT '0',
  `isActive` tinyint(1) NOT NULL DEFAULT '1',
  `createdAt` datetime NOT NULL,
  `updatedAt` datetime NOT NULL,
  PRIMARY KEY (`id`),
  UNIQUE KEY `code` (`code`)
) ENGINE=InnoDB DEFAULT CHARSET=utf8mb4 COLLATE=utf8mb4_0900_ai_ci;
/*!40101 SET character_set_client = @saved_cs_client */;

--
-- Dumping data for table `coupons`
--

LOCK TABLES `coupons` WRITE;
/*!40000 ALTER TABLE `coupons` DISABLE KEYS */;
/*!40000 ALTER TABLE `coupons` ENABLE KEYS */;
UNLOCK TABLES;

--
-- Table structure for table `order_items`
--

DROP TABLE IF EXISTS `order_items`;
/*!40101 SET @saved_cs_client     = @@character_set_client */;
/*!50503 SET character_set_client = utf8mb4 */;
CREATE TABLE `order_items` (
  `id` int NOT NULL AUTO_INCREMENT,
  `orderId` int NOT NULL,
  `productId` int NOT NULL,
  `quantity` int NOT NULL,
  `unitPrice` decimal(12,0) NOT NULL,
  `createdAt` datetime NOT NULL,
  `updatedAt` datetime NOT NULL,
  PRIMARY KEY (`id`),
  KEY `orderId` (`orderId`),
  KEY `productId` (`productId`),
  CONSTRAINT `order_items_ibfk_1` FOREIGN KEY (`orderId`) REFERENCES `orders` (`id`) ON DELETE CASCADE ON UPDATE CASCADE,
  CONSTRAINT `order_items_ibfk_2` FOREIGN KEY (`productId`) REFERENCES `products` (`id`) ON UPDATE CASCADE
) ENGINE=InnoDB DEFAULT CHARSET=utf8mb4 COLLATE=utf8mb4_0900_ai_ci;
/*!40101 SET character_set_client = @saved_cs_client */;

--
-- Dumping data for table `order_items`
--

LOCK TABLES `order_items` WRITE;
/*!40000 ALTER TABLE `order_items` DISABLE KEYS */;
/*!40000 ALTER TABLE `order_items` ENABLE KEYS */;
UNLOCK TABLES;

--
-- Table structure for table `orders`
--

DROP TABLE IF EXISTS `orders`;
/*!40101 SET @saved_cs_client     = @@character_set_client */;
/*!50503 SET character_set_client = utf8mb4 */;
CREATE TABLE `orders` (
  `id` int NOT NULL AUTO_INCREMENT,
  `userId` int NOT NULL,
  `orderCode` varchar(50) NOT NULL,
  `total` decimal(12,0) NOT NULL,
  `discount` decimal(12,0) NOT NULL DEFAULT '0',
  `paymentMethod` enum('COD','MOMO','VNPAY','ZALOPAY') NOT NULL,
  `paymentStatus` enum('UNPAID','PAID','FAILED','REFUNDED') NOT NULL DEFAULT 'UNPAID',
  `transId` varchar(100) DEFAULT NULL,
  `status` enum('PENDING','CONFIRMED','SHIPPING','COMPLETED','CANCELLED','CANCEL_REQUESTED') NOT NULL DEFAULT 'PENDING',
  `shippingAddress` text NOT NULL,
  `receiverName` varchar(100) NOT NULL,
  `receiverPhone` varchar(20) NOT NULL,
  `note` text,
  `cancellationReason` text,
  `createdAt` datetime NOT NULL,
  `updatedAt` datetime NOT NULL,
  PRIMARY KEY (`id`),
  UNIQUE KEY `orderCode` (`orderCode`),
  KEY `userId` (`userId`),
  CONSTRAINT `orders_ibfk_1` FOREIGN KEY (`userId`) REFERENCES `users` (`id`) ON DELETE CASCADE ON UPDATE CASCADE
) ENGINE=InnoDB DEFAULT CHARSET=utf8mb4 COLLATE=utf8mb4_0900_ai_ci;
/*!40101 SET character_set_client = @saved_cs_client */;

--
-- Dumping data for table `orders`
--

LOCK TABLES `orders` WRITE;
/*!40000 ALTER TABLE `orders` DISABLE KEYS */;
/*!40000 ALTER TABLE `orders` ENABLE KEYS */;
UNLOCK TABLES;

--
-- Table structure for table `payments`
--

DROP TABLE IF EXISTS `payments`;
/*!40101 SET @saved_cs_client     = @@character_set_client */;
/*!50503 SET character_set_client = utf8mb4 */;
CREATE TABLE `payments` (
  `id` int NOT NULL AUTO_INCREMENT,
  `orderId` int NOT NULL,
  `provider` enum('MOMO','VNPAY','ZALOPAY') NOT NULL,
  `requestId` varchar(100) NOT NULL,
  `amount` decimal(12,0) NOT NULL,
  `status` enum('PENDING','SUCCESS','FAILED') NOT NULL DEFAULT 'PENDING',
  `transId` varchar(100) DEFAULT NULL,
  `resultCode` int DEFAULT NULL,
  `message` varchar(255) DEFAULT NULL,
  `rawRequest` text,
  `rawResponse` text,
  `createdAt` datetime NOT NULL,
  `updatedAt` datetime NOT NULL,
  PRIMARY KEY (`id`),
  UNIQUE KEY `requestId` (`requestId`),
  KEY `orderId` (`orderId`),
  CONSTRAINT `payments_ibfk_1` FOREIGN KEY (`orderId`) REFERENCES `orders` (`id`) ON DELETE CASCADE ON UPDATE CASCADE
) ENGINE=InnoDB DEFAULT CHARSET=utf8mb4 COLLATE=utf8mb4_0900_ai_ci;
/*!40101 SET character_set_client = @saved_cs_client */;

--
-- Dumping data for table `payments`
--

LOCK TABLES `payments` WRITE;
/*!40000 ALTER TABLE `payments` DISABLE KEYS */;
/*!40000 ALTER TABLE `payments` ENABLE KEYS */;
UNLOCK TABLES;

--
-- Table structure for table `products`
--

DROP TABLE IF EXISTS `products`;
/*!40101 SET @saved_cs_client     = @@character_set_client */;
/*!50503 SET character_set_client = utf8mb4 */;
CREATE TABLE `products` (
  `id` int NOT NULL AUTO_INCREMENT,
  `name` varchar(255) NOT NULL,
  `sku` varchar(100) DEFAULT NULL,
  `description` text,
  `price` decimal(12,0) NOT NULL,
  `originalPrice` decimal(12,0) DEFAULT NULL,
  `image` varchar(500) DEFAULT NULL,
  `images` text COMMENT 'JSON array of image URLs',
  `categoryId` int DEFAULT NULL,
  `brandId` int DEFAULT NULL,
  `attributes` json DEFAULT NULL COMMENT 'JSON object for product specs',
  `stock` int NOT NULL DEFAULT '0',
  `sold` int NOT NULL DEFAULT '0',
  `rating` decimal(2,1) NOT NULL DEFAULT '0.0',
  `ratingCount` int NOT NULL DEFAULT '0',
  `isActive` tinyint(1) NOT NULL DEFAULT '1',
  `createdAt` datetime NOT NULL,
  `updatedAt` datetime NOT NULL,
  PRIMARY KEY (`id`),
  UNIQUE KEY `sku` (`sku`),
  KEY `categoryId` (`categoryId`),
  KEY `brandId` (`brandId`),
  CONSTRAINT `products_ibfk_1` FOREIGN KEY (`categoryId`) REFERENCES `categories` (`id`) ON DELETE SET NULL ON UPDATE CASCADE,
  CONSTRAINT `products_ibfk_2` FOREIGN KEY (`brandId`) REFERENCES `brands` (`id`) ON DELETE SET NULL ON UPDATE CASCADE
) ENGINE=InnoDB AUTO_INCREMENT=201 DEFAULT CHARSET=utf8mb4 COLLATE=utf8mb4_0900_ai_ci;
/*!40101 SET character_set_client = @saved_cs_client */;

--
-- Dumping data for table `products`
--

LOCK TABLES `products` WRITE;
/*!40000 ALTER TABLE `products` DISABLE KEYS */;
INSERT INTO `products` VALUES (1,'Laptop Asus ExpertBook P1503CVA-S72922W (Core 5 210H/ 16GB/ 512GB/ Windows 11 Home)','260400568','CPU: Intel® Core™ 5 210H (2.2 GHz - 4.8 GHz/ 12MB/ 8 nhân, 12 luồng)\nRAM:  1 x 16GB DDR5\nỔ cứng: 512GB SSD M.2 NVMe\nMàn hình: 15.6\" Full HD  (1920 x 1080) 60Hz, Màn hình chống lóa, 300 nits, 45% NTSC\nKhác: Bàn phím Chiclet với phím Copilot, HD webcam, Audio by Dirac, Non-EVO\nOS: Windows 11 Home',22990000,27047059,'https://lh3.googleusercontent.com/2IFZzIgAHvSBLjGd0NudoQLmaGcEc-OdBwgTeUenxpNXKRwxRszoqumDIcM_A88nb7GLRZzeD9y8YRE3oNIYTB-uCDmrRQ',NULL,4,1,NULL,100,602,0.0,0,1,'2026-04-23 16:50:29','2026-04-23 16:50:29'),(2,'Laptop Dell 16 DC16250 - 71092481 (Core 5 120U/ 16GB/ 1TB/ Windows 11 Home + Office + Microsoft)','260305688','CPU: Intel® Core™ 5 120U (1.4 GHz - 5.0 GHz/ 12MB/ 10 nhân, 12 luồng)\nRAM:  2 x 8GB 5200MHz DDR5 (Hỗ trợ tối đa 32GB)\nỔ cứng: 1TB SSD M.2 NVMe\nMàn hình: 16\" WUXGA  (1920 x 1200) WVA, Màn hình chống lóa, 300 nits, 100% sRGB\nKhác: Bàn phím Chiclet với phím Copilot, FHD webcam, Non-EVO\nOS: Windows 11 Home + Office Home & Student 2024 + Microsoft 365 Basic 1 year',28990000,36237500,'https://lh3.googleusercontent.com/GXXyKKq3c81Y6SoQp8O5olqes7z046F2_1fxQMd2gnAZ8wWa-2-A7p9Cu6oOoiSTqb3peq0Z2ljQjNm52rymffDeroboc2E',NULL,4,2,NULL,18,823,0.0,0,1,'2026-04-23 16:50:29','2026-04-23 16:50:29'),(3,'Laptop Dell 15 DC15250 - 71092479 (i5-1334U/ 16GB/ 512GB/ Windows 11 Home + Office + Microsoft)','260305689','CPU: Intel® Core™ i5-1334U (1.3 GHz - 4.6GHz/ 12MB/ 10 nhân, 12 luồng)\nRAM:  1 x 16GB 4400MHz DDR5 (Hỗ trợ tối đa 32GB)\nỔ cứng: 512GB SSD M.2 NVMe\nMàn hình: 15.6\" Full HD  (1920 x 1080) WVA, 120Hz, Màn hình chống lóa, 250 nits, \nKhác: Bàn phím Chiclet với phím Copilot, HD webcam, Non-EVO\nOS: Windows 11 Home + Office Home & Student 2024 + Microsoft 365 Basic 1 year',20490000,NULL,'https://lh3.googleusercontent.com/hbLuN-39hI0YURUgQYwpX0HFfpoD-EOLUur883pZWoIgc2JU0mwlcCse0jK96NADGkNoTt-5m_gkX-f4Ke_YUXnnY2hUBLB2',NULL,4,2,NULL,38,484,0.0,0,1,'2026-04-23 16:50:29','2026-04-23 16:50:29'),(4,'Laptop Dell 15 DC15250 - 71092480 (i7-1355U/ 16GB/ 512GB/ Windows 11 Home + Office + Microsoft)','260305690','CPU: Intel® Core™ i7-1355U (1.7 GHz - 5.0 GHz/ 12MB/ 10 nhân, 12 luồng)\nRAM:  1 x 16GB 4400MHz DDR5 (Hỗ trợ tối đa 32GB)\nỔ cứng: 512GB SSD M.2 NVMe\nMàn hình: 15.6\" Full HD  (1920 x 1080) WVA, 120Hz, Màn hình chống lóa, 250 nits, \nKhác: Bàn phím Chiclet với phím Copilot, HD webcam, Non-EVO\nOS: Windows 11 Home + Office Home & Student 2024 + Microsoft 365 Basic 1 year',23290000,NULL,'https://lh3.googleusercontent.com/0KT9y7F_epu68moeNaYjyfgzpDBdHzKl5wu_VEtnSTp8jQX46U4Xt9whicaj4U6D4JxGw1S1I53Czdc9VZg6F3oqaOYuU2o',NULL,4,2,NULL,43,21,0.0,0,1,'2026-04-23 16:50:29','2026-04-23 16:50:29'),(5,'Laptop Dell 15 DC15250-DC5I7952W1 (i7-1355U/ 16GB/ 512GB/ Win 11 Home SL + Office + Microsoft)','260305673','CPU: Intel® Core™ i7-1355U (1.7 GHz - 5.0 GHz/ 12MB/ 10 nhân, 12 luồng)\nRAM:  1 x 16GB 4400MHz DDR5 (Hỗ trợ tối đa 16GB)\nỔ cứng: 512GB SSD M.2 NVMe\nMàn hình: 15.6\" Full HD  (1920 x 1080) 120Hz, Màn hình chống lóa, \nKhác: Bàn phím thường, HD webcam, Non-EVO\nOS: Windows 11 Home + Office Home & Student 2024 + Microsoft 365 Basic',23990000,29256098,'https://lh3.googleusercontent.com/kYt7HVW9yUPVviw-QdxdZ51maU-DpeC0vrqDwGK4GevDfEhiw8ajECnLCdt63ip3gu0RAiNwZ29eMtlx5c16wDvKZ9gAmjP9',NULL,4,2,NULL,53,85,0.0,0,1,'2026-04-23 16:50:29','2026-04-23 16:50:29'),(6,'Laptop Lenovo IdeaPad Slim 5 14IMH10 - 83V6001GVN (Ultra 5-135H/ 16GB/ 512GB/ Windows 11 Home SL)','260305647','CPU: Intel® Core™ Ultra 5-135H (1.7 GHz - 4.6 GHz/ 18MB/ 14 nhân, 18 luồng)\nNPU:  Intel® AI Boost, up to 11 TOPS\nRAM:  2 x 8GB 5600MHz DDR5 (Hỗ trợ tối đa 32GB)\nỔ cứng: 512GB SSD M.2 NVMe\nMàn hình: 14\" WUXGA  (1920 x 1200) OLED, 60Hz, Màn hình gương, 400 nits, 100% DCI-P3\nKhác: Bàn phím thường, FHD webcam, Dolby Audio, Intel AI\nOS: Windows 11 Home SL',29990000,NULL,'https://lh3.googleusercontent.com/OmSUjgBYGqOOMtI1QK7RYF9mJzvnLZ7UscylwGoKeCCevATyQ9uFn_SXEDhRlaMUWY91ygZTVO5bya0Pa6RCvfWZekSsBNywYQ',NULL,4,3,NULL,27,313,0.0,0,1,'2026-04-23 16:50:29','2026-04-23 16:50:29'),(7,'Laptop Asus ROG Zephyrus G14 GA403GM-SY004W (Ryzen AI 9 465/ GeForce RTX™ 5060/ 32GB/ 1TB/ Windows 11 Home)','260305641','CPU: AMD Ryzen™ AI 9 465 (2.0 GHz - 5.0 GHz/ 24MB/ 10 nhân, 20 luồng)\nNPU:  AMD XDNA™ lên đến 50TOPs\nVGA: GeForce RTX™ 5060 8GB GDDR7\nRAM:  32GB Onboard 7500MHz LPDDR5x (Không nâng cấp được)\nỔ cứng: 1TB SSD M.2 NVMe\nMàn hình: 14\" 3K  (2880 x 1800) OLED, 120Hz, Màn hình chống lóa, 1000 nits, G-Sync, \nKhác: Bàn phím Chiclet với phím Copilot, FHD webcam, Dolby Atmos, AMD AI\nOS: Windows 11 Home',65990000,70202128,'https://lh3.googleusercontent.com/TXWmoezd2BttRNE7BDFjjQZ3nQaaezFC3c5CfBEN46yxVkWWu6d59A607EmbBuAUqPzejF4tV3iCtZwxfhOwyx_mtGWmL5rB',NULL,3,1,NULL,35,693,0.0,0,1,'2026-04-23 16:50:29','2026-04-23 16:50:29'),(8,'Laptop HP 250R G10 - C3SH7AT (Core 5 120U/ 16GB/ 512GB/ Windows 11 Home SL)','260305528','CPU: Intel® Core™ 5 120U (1.4 GHz - 5.0 GHz/ 12MB/ 10 nhân, 12 luồng)\nRAM:  1 x 16GB 3200MHz DDR4 (Hỗ trợ tối đa 16GB)\nỔ cứng: 512GB SSD M.2 NVMe\nMàn hình: 15.6\" Full HD  (1920 x 1080) IPS, Màn hình chống lóa, 300 nits, 45% NTSC\nKhác: Bàn phím thường, HD webcam, High Definition Audio, Non-EVO\nOS: Windows 11 Home SL',21990000,25569767,'https://lh3.googleusercontent.com/V6PkjjIyIgMKadhnSBrhxx9Xl4eauHqmyoGGEK-RyN0GSYoblIczWRfOVas3lbn8mXNlQLFEIPqxPeImueTSndhTjjq1jX8',NULL,4,4,NULL,51,698,0.0,0,1,'2026-04-23 16:50:29','2026-04-23 16:50:29'),(9,'Laptop Lenovo ThinkPad X13 Gen 6 (Ultra 5-225H/ 32GB/ 512GB/ Windows 11 Pro)','260305320','CPU: Intel® Core™ Ultra 5-225H (1.7 GHz - 4.9 GHz/ 18MB/ 14 nhân, 14 luồng)\nNPU:  Intel® AI Boost 13 TOPS\nRAM:  32GB Onboard 8533MHz LPDDR5x (Hỗ trợ tối đa 32GB)\nỔ cứng: 512GB SSD M.2 NVMe\nMàn hình: 13.3\" WUXGA  (1920 x 1200) IPS, 60Hz, Màn hình chống lóa, 400 nits, 100% sRGB\nKhác: Bàn phím Chiclet với phím Copilot, HD webcam, Dolby Atmos, Intel AI\nOS: Windows 11 Pro',42990000,55115385,'https://lh3.googleusercontent.com/hNIv4stjtDmGRCbAIl4Ji0kNwefb0zE3hDbzq9D6EXd2rkbT5XYr8dcpzM4UkD-Ecm2QnIBgbdgptkLMadg95wEj6du1aLkc',NULL,4,3,NULL,31,842,0.0,0,1,'2026-04-23 16:50:29','2026-04-23 16:50:29'),(10,'Laptop Asus Zenbook S 14 UX5406AA-SU415WS (Ultra 9-386H/ 32GB/ 512GB/ Windows 11 Home + Office + Microsoft)','260304531','CPU: Intel® Core™ Ultra 9-386H (2.1 GHz - 4.9 GHz/ 18MB/ 16 nhân, 16 luồng)\nNPU:  Intel® AI Boost 50 TOPS\nRAM:  32GB Onboard LPDDR5x (Hỗ trợ tối đa 32GB)\nỔ cứng: 512GB SSD M.2 NVMe\nMàn hình: 14\" 3K  (2880 x 1800) OLED, 120Hz, Màn hình chống lóa, 500 nits, 100% DCI-P3\nKhác: Bàn phím thường, FHD webcam, Smart Amp Technology, Intel AI\nOS: Windows 11 Home + Office Home & Student 2024 + Microsoft 365 Basic',52990000,66237500,'https://lh3.googleusercontent.com/pOYbn0kNFar6tekzosaWRis5QiFGfyl96FUyCd4l1cuaHIgk9DZlyu26wyPgGlnOjGGDhLq1CNAHIrZVvR5PbB2XwhAq8mfJ',NULL,4,1,NULL,17,655,0.0,0,1,'2026-04-23 16:50:29','2026-04-23 16:50:29'),(11,'Laptop Asus Vivobook S14 S3407AA-SF945W (Ultra 5-325/ 16GB/ 512GB/ Windows 11 Home)','260304532','CPU: Intel® Core™ Ultra 5-325 (2.1 GHz - 4.5 GHz/ 12MB/ 8 nhân, 8 luồng)\nRAM:  16GB Onboard DDR5 (Không nâng cấp được)\nỔ cứng: 512GB SSD M.2 NVMe\nMàn hình: 14\" WUXGA  (1920 x 1200) OLED, 60Hz, \nKhác: Bàn phím Chiclet với phím Copilot, FHD webcam, Intel AI\nOS: Windows 11 Home',31990000,33673684,'https://lh3.googleusercontent.com/GqvADCdpg4YYfUfDvlCfc5-RFywllRHFlvvdl37cfPtQPx5mPQkGwU5q7eo4SK23fO4NEFQCmthL1g0WlWPwIKQsh8VS9492',NULL,4,1,NULL,47,993,0.0,0,1,'2026-04-23 16:50:29','2026-04-23 16:50:29'),(12,'Laptop Lenovo LOQ 15IRX10 - 83JE01AGVN (i7-13650HX/ GeForce RTX™ 5050/ 16GB/ 512GB/ Windows 11 Home SL)','260304423','CPU: Intel® Core™ i7-13650HX (2.6 GHz - 4.9GHz/ 24MB/ 14 nhân, 20 luồng)\nVGA: GeForce RTX™ 5050 8GB GDDR7, 440 AI TOPs\nRAM:  1 x 16GB 5600MHz DDR5 (Hỗ trợ tối đa 32GB)\nỔ cứng: 512GB SSD M.2 NVMe\nMàn hình: 15.6\" Full HD  (1920 x 1080) IPS, 144Hz, Màn hình chống lóa, 300 nits, G-Sync, 100% sRGB\nKhác: 24-Zone RGB Gaming Keyboard with Copilot Key, HD webcam, High Definition Audio, Non-EVO\nOS: Windows 11 Home SL',36990000,45109756,'https://lh3.googleusercontent.com/pT3dKH67iSOmhonLetzgMzCHwOaLQwDkV1ICtyg8D1zeWJnH-PmxDLn8vikscB7KESqKNhFdfgRVKom1v-fDW37nr9jFsHtJXw',NULL,3,3,NULL,95,999,0.0,0,1,'2026-04-23 16:50:29','2026-04-23 16:50:29'),(13,'Laptop Lenovo ThinkPad E14 Gen 7 - 21SX00BNVN (Ultra 5-135H/ 16GB/ 512GB/ Windows 11 Home SL)','260304282','CPU: Intel® Core™ Ultra 5-135H (1.7 GHz - 4.6 GHz/ 18MB/ 14 nhân, 18 luồng)\nNPU:  Intel® AI Boost, up to 11 TOPS\nRAM:  1 x 16GB 5600MHz DDR5 (Hỗ trợ tối đa 64GB)\nỔ cứng: 512GB SSD M.2 NVMe\nMàn hình: 14\" WUXGA  (1920 x 1200) IPS, 60Hz, Màn hình chống lóa, 300 nits, 45% NTSC\nKhác: Bàn phím thường, FHD webcam, Dolby Atmos, Intel AI\nOS: Windows 11 Home SL',25990000,NULL,'https://lh3.googleusercontent.com/pQ4tNbziAGKP1R4ksHNJuvK4YgK0W0TFqa2lU_trf0KZ_yrVMfU32WHmPal8d0WDtdXoT5xCt5Hpwa9fN256sqiWGHzIkp4v',NULL,4,3,NULL,79,229,0.0,0,1,'2026-04-23 16:50:29','2026-04-23 16:50:29'),(14,'Laptop Lenovo V14 G5 IRL - 83HD005JVN (Core i5-13420H/ 16GB/ 512GB/ Windows 11 Home SL)','260304104','CPU: Intel® Core™ i5-13420H (2.1 GHz - 4.6 GHz/ 12MB/ 8 nhân, 12 luồng)\nRAM:  2 x 8GB 5200MHz DDR5 (Hỗ trợ tối đa 32GB)\nỔ cứng: 512GB SSD M.2 NVMe\nMàn hình: 14\" Full HD  (1920 x 1080) IPS, Màn hình chống lóa, 300 nits, 45% NTSC\nKhác: Bàn phím thường, HD webcam, High Definition Audio, Non-EVO\nOS: Windows 11 Home SL, English',18190000,21400000,'https://lh3.googleusercontent.com/WxmPEkWqJNBsyYrawt5rhLmk7yW9H55zgoseGydk5WOk0BDurbhKz5banmM7cqog5Gd8iU1ewVme0CrvaaXAR2aPIxePlDWR',NULL,4,3,NULL,14,3,0.0,0,1,'2026-04-23 16:50:29','2026-04-23 16:50:29'),(15,'Laptop Lenovo Thinkpad X9-14 Gen 1 - 21QA006FVN (Ultra 5-228V/ 32GB/ 512GB/ Windows 11 Pro)','260304103','CPU: Intel® Core™ Ultra 5-228V (2.1 GHz - 4.5 GHz/ 8MB/ 8 nhân, 8 luồng)\nNPU:  Intel® AI Boost 40 TOPS\nRAM:  32GB Onboard 8533MHz LPDDR5x (Không nâng cấp được)\nỔ cứng: 512GB SSD M.2 NVMe\nMàn hình: 14\" WUXGA  (1920 x 1200) OLED, 60Hz, Màn hình chống lóa, 400 nits, 100% DCI-P3\nKhác: Bàn phím thường, FHD webcam, Dolby Atmos, Intel AI\nOS: Windows 11 Pro',48990000,59743902,'https://lh3.googleusercontent.com/j59CqtpuhO237FCVTvFF0IvqUWn0IRzkPWIPRfVpPjk2t1wL28z9DazSDodRsyQUNI0l0Nae230O9_AHKaXfnE-7PCQRdXV2dg',NULL,4,3,NULL,51,972,0.0,0,1,'2026-04-23 16:50:29','2026-04-23 16:50:29'),(16,'Laptop HP ProBook 4 G1i - BQ5C7PT (Ultra 7-255U/ 16GB/ 512GB/ Win 11 Home SL)','260303867','CPU: Intel® Core™ Ultra 7-255U (2.0 GHz - 5.2 GHz/ 12MB/ 12 nhân, 14 luồng)\nNPU:  Intel® AI Boost 12 TOPS\nRAM:  1 x 16GB 5600MHz DDR5\nỔ cứng: 512GB SSD M.2 NVMe\nMàn hình: 14\" WUXGA  (1920 x 1200) IPS, 60Hz, Màn hình chống lóa, 300 nits, 62.5% sRGB\nKhác: Bàn phím Chiclet với phím Copilot, FHD webcam, Audio by Poly Studio, Intel AI\nOS: Windows 11 Home SL',35490000,46697368,'https://lh3.googleusercontent.com/WjSd894vIGO-EaYozFdQMK3VFU-w7Rw0qfCt0iqxBGeMP54VWD7A5VmtwxQHXF_ZpQMrVmEUghLJDGJJbMv3vBx8Upi1GyU',NULL,4,4,NULL,50,956,0.0,0,1,'2026-04-23 16:50:29','2026-04-23 16:50:29'),(17,'Laptop HP Elitebook 640 G11 - A7LB4PT (Ultra 7-165U/ 16GB/ 512GB/ Win 11 Home SL)','260303868','CPU: Intel® Core™ Ultra 7-165U (1.7 GHz - 4.9 GHz/ 12MB/ 12 nhân, 14 luồng)\nNPU:  Intel® AI Boost NPU\nRAM:  1 x 16GB 5600MHz DDR5\nỔ cứng: 512GB SSD M.2 NVMe\nMàn hình: 14\" Full HD  (1920 x 1080) IPS, Màn hình chống lóa, 300 nits, 45% NTSC\nKhác: Bàn phím thường, HD webcam, Audio by Poly Studio, Intel AI\nOS: Windows 11 Home SL',36090000,44012195,'https://lh3.googleusercontent.com/rHhNHik7PWF3QRBicpx6XGYSQtH6cC92K9-j3e8-ICDuKeP9KjgVgNsFwP_-3yYN-27zJwY5_13ZENpCPGgY-BxxwRE3fdzkIw',NULL,4,4,NULL,39,859,0.0,0,1,'2026-04-23 16:50:29','2026-04-23 16:50:29'),(18,'Laptop Lenovo Thinkpad X9-14 Gen 1 - 21QA006DVN (Ultra 5-226V/ 16GB/ 512GB/ Windows 11 Pro)','260303285','CPU: Intel® Core™ Ultra 5-226V (2.1 GHz - 4.5 GHz/ 8MB/ 8 nhân, 8 luồng)\nNPU:  Intel® AI Boost 40 TOPS\nRAM:  16GB Onboard 8533MHz LPDDR5x (Không nâng cấp được)\nỔ cứng: 512GB SSD M.2 NVMe\nMàn hình: 14\" WUXGA  (1920 x 1200) OLED, 60Hz, Màn hình chống lóa, 400 nits, 100% DCI-P3\nKhác: Bàn phím thường, FHD webcam, Dolby Atmos, Intel AI\nOS: Windows 11 Pro',46990000,55940476,'https://lh3.googleusercontent.com/L5AnHj_SiruqZUu9TUCop7zQWAVogjHXUY4qaCdMjOdOOg_9GqCUlx6yFVJ5IqRV_XRD7RXisb2qkFyqZpCG_sFR_8Lhp_XUEA',NULL,4,3,NULL,75,507,0.0,0,1,'2026-04-23 16:50:29','2026-04-23 16:50:29'),(19,'Laptop Asus Zenbook 14 UX3405CA-ST629W (Ultra 7-255H/ 32GB/ 512GB/ Win 11 Home)','260302639','CPU: Intel® Core™ Ultra 7-255H (2.0 GHz - 5.1 GHz/ 24MB/ 16 nhân, 16 luồng)\nNPU:  Intel® AI Boost 13 TOPS\nRAM:  32GB Onboard LPDDR5x (Không nâng cấp được)\nỔ cứng: 512GB SSD M.2 NVMe\nMàn hình: 14\" 3K  (2880 x 1800) OLED, 120Hz, Màn hình gương, 500 nits, 100% DCI-P3\nKhác: Bàn phím Chiclet, FHD webcam, Smart Amp Technology, Intel AI\nOS: Windows 11 Home',34790000,NULL,'https://lh3.googleusercontent.com/7Omr-E8pui_Sts-LYPyEsHO2_CFEM2VWEQq02-zi2tkXpwi9M6Pj97YD_rxWH4INj0ADLpMq9c2S5I4OVa6YMbmHJ41hbGw1',NULL,4,1,NULL,50,324,0.0,0,1,'2026-04-23 16:50:29','2026-04-23 16:50:29'),(20,'Laptop Acer Nitro ProPanel ANV16S-71-58WQ (Core 5 210H/ GeForce RTX™ 5050/ 32GB/ 512GB/ Win 11 Home SL)','260302532','CPU: Intel® Core™ 5 210H (2.2 GHz - 4.8 GHz/ 12MB/ 8 nhân, 12 luồng)\nVGA: GeForce RTX™ 5050 8GB GDDR7, 440 AI TOPs\nRAM:  2 x 16GB 5600MHz DDR5 (Hỗ trợ tối đa 96GB)\nỔ cứng: 512GB SSD M.2 NVMe\nMàn hình: 16\" WQXGA  (2560 x 1600) IPS, 180Hz, 400 nits, Acer ComfyView, 100% sRGB\nKhác: Bàn phím thường, HD webcam, Acer Purified Voice; Acer TrueHarmony, Non-EVO\nOS: Windows 11 Home SL',39990000,45443182,'https://lh3.googleusercontent.com/juWILYTaXCMV2Y31VJzJ0xWW_3X4e27sGnNqxoSB-V07K6ElI4o7GC6B_3ThovGuiKBJeQEkPrsXCs907HPKbJxWYCD4LPqkuQ',NULL,3,5,NULL,71,603,0.0,0,1,'2026-04-23 16:50:29','2026-04-23 16:50:29'),(21,'Laptop Acer Aspire 7 A715-59G-53GZ (Core 5 210H/ GeForce RTX™ 3050/ 16GB/ 512GB/ Win 11 Home SL)','260302527','CPU: Intel® Core™ 5 210H (2.2 GHz - 4.8 GHz/ 12MB/ 8 nhân, 12 luồng)\nVGA: GeForce RTX™ 3050 6GB GDDR6, 143 AI TOPs\nRAM:  1 x 16GB 3200MHz DDR4 (Hỗ trợ tối đa 64GB)\nỔ cứng: 512GB SSD M.2 NVMe\nMàn hình: 15.6\" Full HD  (1920 x 1080) IPS, 144Hz, Màn hình chống lóa, 250 nits, Acer ComfyView, 45% NTSC\nKhác: Bàn phím Chiclet với phím Copilot, HD webcam, Non-EVO\nOS: Windows 11 Home SL',26990000,32130952,'https://lh3.googleusercontent.com/wNC8PP5W0sGZSFmo8YG5pk-P8MDpCEiJoqTyZOxyz-umXwuod55B6omqVTOeAiXuHznKr6i03xvTqGgd6D8DXmIrmGXsFSb6',NULL,3,5,NULL,16,615,0.0,0,1,'2026-04-23 16:50:29','2026-04-23 16:50:29'),(22,'Laptop Asus TUF Gaming F16 FX608JHI-TU209W (i7-14650HX/ GeForce RTX™ 5050/ 16GB/ 512GB/ Win 11 Home)','260302524','CPU: Intel® Core™ i7-14650HX (2.2 GHz - 5.2 GHz/ 30MB/ 16 nhân, 24 luồng)\nVGA: GeForce RTX™ 5050 8GB GDDR7, 440 AI TOPs\nRAM:  1 x 16GB 5600MHz DDR5 (Hỗ trợ tối đa 64GB)\nỔ cứng: 512GB SSD M.2 NVMe\nMàn hình: 16\" WUXGA  (1920 x 1200) IPS, 165Hz, Màn hình chống lóa, 300 nits, G-Sync, 100% sRGB\nKhác: Bàn phím Chiclet với phím Copilot, FHD webcam, Dolby Atmos, Non-EVO\nOS: Windows 11 Home',42990000,54417722,'https://lh3.googleusercontent.com/dz6xKmrGu7zsjzlGBj3cKN7IwnM1tULcscogwlIoMeX5oJ2vTlYaQqsmdNmYKMA-HLC_kmaQhf2pqmmPwepJHI5dppn54IA',NULL,3,1,NULL,33,563,0.0,0,1,'2026-04-23 16:50:29','2026-04-23 16:50:29'),(23,'Laptop Asus Vivobook S14 S3407CA-SF923W (Ultra 7-255H/ 16GB/ 512GB/ Win 11 Home)','260302518','CPU: Intel® Core™ Ultra 7-255H (2.0 GHz - 5.1 GHz/ 24MB/ 16 nhân, 16 luồng)\nNPU:  Intel® AI Boost 13 TOPS\nRAM:  16GB Onboard 5600MHz DDR5 (Không nâng cấp được)\nỔ cứng: 512GB SSD M.2 NVMe\nMàn hình: 14\" WUXGA  (1920 x 1200) OLED, 60Hz, Màn hình gương, 300 nits, 95% DCI-P3\nKhác: Bàn phím Chiclet với phím Copilot, FHD webcam, Intel AI\nOS: Windows 11 Home',27790000,NULL,'https://lh3.googleusercontent.com/KB2_ryQ4l8qEyO2QWa3u4jgKq6YpbOkyfpRSr1nHzsf9CwmKS6wFgLJMaCMQHJhqKaIVX8UFolTEbfJkIk4HSAJSXXFAdGfo',NULL,4,1,NULL,41,964,0.0,0,1,'2026-04-23 16:50:29','2026-04-23 16:50:29'),(24,'Laptop Lenovo ThinkPad X9-14 Gen 1 - 21QA006JVN (Ultra 7-258V/ Intel® Graphics/ 32GB/ 512GB/ Windows 11 Pro)','260302514','CPU: Intel® Core™ Ultra 7-258V (2.2 GHz - 4.8 GHz/ 12MB/ 8 nhân, 8 luồng)\nNPU:  Intel® AI Boost 47 TOPS\nVGA: Intel® Graphics \nRAM:  32GB Onboard 8533MHz LPDDR5x (Không nâng cấp được)\nỔ cứng: 512GB SSD M.2 NVMe\nMàn hình: 14\" WUXGA  (1920 x 1200) OLED, 60Hz, Màn hình chống lóa, 400 nits, 100% DCI-P3\nKhác: Bàn phím thường, FHD webcam, Dolby Atmos, Intel AI\nOS: Windows 11 Pro',55190000,NULL,'https://lh3.googleusercontent.com/nbz6xtOjy9GfgjvpUXhnnxJgx8vK_2PAvGNZAJio9Xg5t-TMoSWuRlSl7eIAu48SlQYwZ146hYNJe1PuEz4_2dInVJAazBU',NULL,4,3,NULL,32,239,0.0,0,1,'2026-04-23 16:50:29','2026-04-23 16:50:29'),(25,'Laptop Asus Vivobook S14 S3407CA-SF913W (Ultra 5-225H/ 16GB/ 512GB/ Win 11 Home)','260302512','CPU: Intel® Core™ Ultra 5-225H (1.7 GHz - 4.9 GHz/ 18MB/ 14 nhân, 14 luồng)\nNPU:  Intel® AI Boost 13 TOPS\nRAM:  16GB Onboard 5600MHz DDR5 (Không nâng cấp được)\nỔ cứng: 512GB SSD M.2 NVMe\nMàn hình: 14\" WUXGA  (1920 x 1200) OLED, 60Hz, Màn hình gương, 300 nits, 45% NTSC\nKhác: Bàn phím Chiclet với phím Copilot, FHD webcam, Intel AI\nOS: Windows 11 Home',25290000,NULL,'https://lh3.googleusercontent.com/fh3QAE_n_Y_-PrJNaJbHhURaBpqBQGu_XfE3pzvEtWVgzbnXFPE1aILkHf6Rm0k54YMEYz3zerwv34SkhvlhELSnR1t2w7jZww',NULL,4,1,NULL,32,548,0.0,0,1,'2026-04-23 16:50:29','2026-04-23 16:50:29'),(26,'Laptop Lenovo V15 G5 IRL - 83HF00BSVA (i5-13420H/ 16GB/ 512GB/ No OS)','260302507','CPU: Intel® Core™ i5-13420H (2.1 GHz - 4.6 GHz/ 12MB/ 8 nhân, 12 luồng)\nRAM:  1 x 16GB 5200MHz DDR5 (Hỗ trợ tối đa 32GB)\nỔ cứng: 512GB SSD M.2 NVMe\nMàn hình: 15.6\" Full HD  (1920 x 1080) IPS, Màn hình chống lóa, 300 nits, 45% NTSC\nKhác: Bàn phím thường, FHD webcam, High Definition Audio, Non-EVO\nOS: No OS',18490000,NULL,'https://lh3.googleusercontent.com/pYdEVijLYtjqvZ5SP0Tl1KIvn4asmryUL4YMbLUWjCXE2tueIpcQTZ1MhvBeSAAVAZU0OY634rALk4EUSjxbXiygNm4be0db',NULL,4,3,NULL,35,174,0.0,0,1,'2026-04-23 16:50:29','2026-04-23 16:50:29'),(27,'Laptop Asus Vivobook Go 15 E1504FA-BQ340W (Ryzen 5 40/ 16GB/ 512GB/ Win 11 Home)','260302495','CPU: AMD Ryzen™ 5 40 (2.8 GHz - 4.3 GHz/ 4MB/ 4 nhân, 8 luồng)\nRAM:  16GB Onboard LPDDR5 (Không nâng cấp được)\nỔ cứng: 512GB SSD M.2 NVMe\nMàn hình: 15.6\" Full HD  (1920 x 1080) IPS, 60Hz, Màn hình chống lóa, 250 nits, 45% NTSC\nKhác: Bàn phím Chiclet, HD webcam, SonicMaster, AMD\nOS: Windows 11 Home',17590000,20694118,'https://lh3.googleusercontent.com/DPJZoaNilZ8a7unwikCQbjSfxeuwGp8ftyxn7m-KrmUOdGyrZR8fJ84jREWu6dQdlYuDbYAeMkIkydPbPcPP_P96yJh3P1k',NULL,4,1,NULL,83,226,0.0,0,1,'2026-04-23 16:50:29','2026-04-23 16:50:29'),(28,'Laptop Lenovo ThinkPad X1 Carbon Gen 13 - 21NS010BVN (Ultra 7-258V/ 32GB/ 512GB/ Win 11 Pro)','260302491','CPU: Intel® Core™ Ultra 7-258V (2.2 GHz - 4.8 GHz/ 12MB/ 8 nhân, 8 luồng)\nNPU:  Intel® AI Boost 47 TOPS\nRAM:  32GB Onboard 8533MHz LPDDR5x (Không nâng cấp được)\nỔ cứng: 512GB SSD M.2 NVMe\nMàn hình: 14\" 2.8K  (2880 x 1800) OLED, Màn hình chống lóa, 500 nits, 100% DCI-P3\nKhác: Bàn phím thường, FHD webcam, Dolby Atmos, Copilot+ PC\nOS: Windows 11 Pro',60990000,NULL,'https://lh3.googleusercontent.com/oOm6k1DY8hu_q9hGlqDsvoP9_iy---y9iB4rzdoMpGB6um80AeLtgY0rVvpo9CT2ldgbYfvr9PUJUqSRWLksf-xbbKMSflml',NULL,4,3,NULL,58,803,0.0,0,1,'2026-04-23 16:50:29','2026-04-23 16:50:29'),(29,'Laptop Asus Zenbook 14 UX3405CA-ST648W (Ultra 9-285H/ 32GB/ 1TB/ Win 11 Home SL)','260302488','CPU: Intel® Core™ Ultra 9-285H (2.5 GHz - 5.4GHz/ 36MB/ 24 nhân, 24 luồng)\nNPU:  Intel® AI Boost 13 TOPS\nRAM:  32GB Onboard 7467MHz LPDDR5x (Hỗ trợ tối đa 32GB)\nỔ cứng: 1TB SSD M.2 NVMe\nMàn hình: 14\" 3K  (2880 x 1800) OLED, 120Hz, Màn hình gương, 500 nits, 100% DCI-P3\nKhác: Bàn phím Chiclet, FHD webcam, Smart Amp Technology, Intel AI\nOS: Windows 11 Home SL',37490000,48064103,'https://lh3.googleusercontent.com/98udhtZmC6XvsUXVwg33Qpx5Be84pdCCi3zI0_fWQl6NyQfchwvkn0n-3lRSn54IYzIphAa_Uw_TBNsQZ9Kjpm86TMPbhjPmwA',NULL,4,1,NULL,91,729,0.0,0,1,'2026-04-23 16:50:29','2026-04-23 16:50:29'),(30,'Laptop Msi Stealth 16 AI+ B3WG-008VN (Ultra 9-386H/ GeForce RTX™ 5070/ 32GB/ 1TB/ Win 11 Home)','260302484','CPU: Intel® Core™ Ultra 9-386H (2.1 GHz - 4.9 GHz/ 18MB/ 16 nhân, 16 luồng)\nNPU:  Intel® AI Boost 50 TOPS\nVGA: GeForce RTX™ 5070 8GB GDDR7\nRAM:  2 x 16GB DDR5\nỔ cứng: 1TB SSD M.2 NVMe\nMàn hình: 16\" WQXGA  (2560 x 1600) OLED, 240Hz, Màn hình gương, 100% DCI-P3\nKhác: Bàn phím thường, FHD webcam, Intel AI\nOS: Windows 11 Home',83590000,NULL,'https://lh3.googleusercontent.com/C2EIcREcOwiadLMTSy2alTu1k5MVtIwrRmzkXejjQ3nJ-4MZavYnXcuIAalfUdwO3YfN2Pma6BG3sb6cFgwwBZG9vja23q4',NULL,3,6,NULL,20,406,0.0,0,1,'2026-04-23 16:50:29','2026-04-23 16:50:29'),(31,'Laptop Lenovo ThinkPad X13 Gen 6 - 21RK00AUVN (Ultra 7-255H/ 32GB/ 1TB/ Win 11 Pro)','260302482','CPU: Intel® Core™ Ultra 7-255H (2.0 GHz - 5.1 GHz/ 24MB/ 16 nhân, 16 luồng)\nNPU:  Intel® AI Boost 13 TOPS\nRAM:  32GB Onboard 8400MHz LPDDR5x (Không nâng cấp được)\nỔ cứng: 1TB SSD M.2 NVMe\nMàn hình: 13.3\" WUXGA  (1920 x 1200) IPS, Màn hình chống lóa, 400 nits, 100% sRGB\nKhác: Bàn phím thường, HD webcam, Dolby Atmos, Intel AI\nOS: Windows 11 Pro',59590000,NULL,'https://lh3.googleusercontent.com/Nojb-YUfqcW9uh47zC3ELbUC5bu0OxUM2g9-pPduxJ7bdflSm63J-UtIEkA-yoAO0ljo-79YZ2w7wE-8CLYkTlQt2D0uEqSz',NULL,4,3,NULL,27,231,0.0,0,1,'2026-04-23 16:50:29','2026-04-23 16:50:29'),(32,'Laptop Msi Stealth 16 AI+ B3WF-007VN (Ultra 9-386H/ GeForce RTX™ 5060/ 32GB/ 1TB/ Win 11 Home)','260302478','CPU: Intel® Core™ Ultra 9-386H (2.1 GHz - 4.9 GHz/ 18MB/ 16 nhân, 16 luồng)\nNPU:  Intel® AI Boost 50 TOPS\nVGA: GeForce RTX™ 5060 8GB GDDR7\nRAM:  2 x 16GB DDR5\nỔ cứng: 1TB SSD M.2 NVMe\nMàn hình: 16\" WQXGA  (2560 x 1600) OLED, 240Hz, Màn hình gương, 100% DCI-P3\nKhác: Bàn phím thường, FHD webcam, Intel AI\nOS: Windows 11 Home',77590000,85263736,'https://lh3.googleusercontent.com/F1C7wm8e_E4bQDEf7oUy1Er4UYBqctV5NjkS3r_lVA9dh75kB8dFxZ6kW9I6ps6oC-LjBvwbkjpV--Xt3VxUM8tV8vJmCJ4',NULL,3,6,NULL,79,59,0.0,0,1,'2026-04-23 16:50:29','2026-04-23 16:50:29'),(33,'Laptop Lenovo ThinkPad X13 Gen 6 - 21RK00AVVN (Ultra 7-255H/ 32GB/ 1TB/ Win 11 Pro)','260302477','CPU: Intel® Core™ Ultra 7-255H (2.0 GHz - 5.1 GHz/ 24MB/ 16 nhân, 16 luồng)\nNPU:  Intel® AI Boost 13 TOPS\nRAM:  32GB Onboard 8400MHz LPDDR5x (Không nâng cấp được)\nỔ cứng: 1TB SSD M.2 NVMe\nMàn hình: 13.3\" WUXGA  (1920 x 1200) IPS, Màn hình chống lóa, 400 nits, 100% sRGB\nKhác: Bàn phím thường, HD webcam, Dolby Audio, Intel AI\nOS: Windows 11 Pro',58290000,77720000,'https://lh3.googleusercontent.com/-xKyR4tlzCOfLRCEv5-DqI9PwdcblFvxxfDlUalsT5NXueo-LzWqAdHnqzMRg2rftf5vuSbcg5yWGlUMyp1V7uWyvaEgUEo',NULL,4,3,NULL,50,131,0.0,0,1,'2026-04-23 16:50:29','2026-04-23 16:50:29'),(34,'Laptop Asus Zenbook 14 UX3405CA-ST628W (Ultra 5-225H/ 16GB/ 512GB/ Win 11 Home)','260302476','CPU: Intel® Core™ Ultra 5-225H (1.7 GHz - 4.9 GHz/ 18MB/ 14 nhân, 14 luồng)\nNPU:  Intel® AI Boost 13 TOPS\nRAM:  16GB Onboard LPDDR5x (Không nâng cấp được)\nỔ cứng: 512GB SSD M.2 NVMe\nMàn hình: 14\" 3K  (2880 x 1800) OLED, 120Hz, Màn hình gương, 400 nits, 100% DCI-P3\nKhác: Bàn phím Chiclet, FHD webcam, Smart Amp Technology, Intel AI\nOS: Windows 11 Home',28590000,37129870,'https://lh3.googleusercontent.com/NimrzVVBqR2PfUtmdw2szusXGheoohxmtHOTbZjT9doyWu9A8ZDPptwTjVBqE8QcNnp_96rEZ20NY1vNLuZK4x0X_WrutEw',NULL,4,1,NULL,40,876,0.0,0,1,'2026-04-23 16:50:29','2026-04-23 16:50:29'),(35,'Laptop Lenovo ThinkPad X13 Gen 6 - 21RK00AWVN (Ultra 7-255H/ 32GB/ 512GB/ Win 11 Pro)','260302473','CPU: Intel® Core™ Ultra 7-255H (2.0 GHz - 5.1 GHz/ 24MB/ 16 nhân, 16 luồng)\nNPU:  Intel® AI Boost 13 TOPS\nRAM:  32GB Onboard 8400MHz LPDDR5x (Không nâng cấp được)\nỔ cứng: 512GB SSD M.2 NVMe\nMàn hình: 13.3\" WUXGA  (1920 x 1200) IPS, Màn hình chống lóa, 400 nits, 100% sRGB\nKhác: Bàn phím thường, HD webcam, Dolby Audio, Intel AI\nOS: Windows 11 Pro',53190000,NULL,'https://lh3.googleusercontent.com/z4twNeQRPb9GEPRwdNXY3_jDDdiJmnipvjQbKkJKIStc4z1wxNf_UOiGqfegpmrZGHQy6lARcamEeKc62ORpDy4Z88x-AzlgdA',NULL,4,3,NULL,86,936,0.0,0,1,'2026-04-23 16:50:29','2026-04-23 16:50:29'),(36,'Laptop Acer Nitro ProPanel ANV16-72-71T9 (Core 7 240H/ GeForce RTX™ 5060/ 16GB/ 512GB/ Windows 11 Home Single Language)','260302468','CPU: Intel® Core™ 7 240H (2.5 GHz - 5.2 GHz/ 24MB/ 10 nhân, 16 luồng)\nVGA: GeForce RTX™ 5060 8GB GDDR7, 572 AI TOPs\nRAM:  1 x 16GB 5600MHz DDR5 (Hỗ trợ tối đa 96GB)\nỔ cứng: 512GB SSD M.2 NVMe\nMàn hình: 16\" WUXGA  (1920 x 1200) IPS, 180Hz, Màn hình chống lóa, 400 nits, Acer ComfyView, 100% sRGB\nKhác: Bàn phím thường, HD webcam, Acer TrueHarmony Technology, Non-EVO\nOS: Windows 11 Home SL',40990000,NULL,'https://lh3.googleusercontent.com/XOIffWBqhHdTsFBg7D6LlRS1-L3ObhcGTrnkUaMdZ9sbuP6ZnlUwWPnGVohTT5pSqZrKpb--XD3gFtlPtIXFaST4T4IMqe8s',NULL,3,5,NULL,40,798,0.0,0,1,'2026-04-23 16:50:29','2026-04-23 16:50:29'),(37,'Laptop HP 240R G9 - AX3C6AT (i3-1315U/ 8GB/ 512GB/ Windows 11 Home SL)','260302235','CPU: Intel® Core™ i3-1315U (1.2 GHz - 4.5GHz/ 10MB/ 6 nhân, 8 luồng)\nRAM:  1 x 8GB 3200MHz DDR4 (Hỗ trợ tối đa 32GB)\nỔ cứng: 512GB SSD M.2 NVMe\nMàn hình: 14\" Full HD  (1920 x 1080) IPS, Màn hình chống lóa, \nKhác: Bàn phím thường, HD webcam, High Definition Audio, Non-EVO\nOS: Windows 11 Home SL',14490000,NULL,'https://lh3.googleusercontent.com/ZisLzHGjY_v5wnVZ3MS4TFHtczxWko5yx9M6jA83F6UNSRvZUUbfT-kSfqkELuo_HlEDHExuH3Z4cL0X2b70BfcSD-715L8',NULL,4,4,NULL,92,478,0.0,0,1,'2026-04-23 16:50:29','2026-04-23 16:50:29'),(38,'Laptop Acer Aspire 14 AI A14-61M-R9RA (Ryzen AI 5 340/ 16GB/ 512GB/ Windows 11 Home SL)','260301684','CPU: AMD Ryzen™ AI 5 340 (2.0 GHz - 4.8 GHz/ 8MB/ 6 nhân, 12 luồng)\nNPU:  AMD XDNA™ lên đến 50TOPsGDDR3\nRAM:  16GB Onboard 8533MHz LPDDR5x (Không nâng cấp được)\nỔ cứng: 512GB SSD M.2 NVMe\nMàn hình: 14\" WUXGA  (1920 x 1200) IPS, 120Hz, Màn hình chống lóa, 350 nits, \nKhác: Bàn phím Chiclet với phím Copilot, FHD webcam, AMD AI\nOS: Windows 11 Home SL',23990000,NULL,'https://lh3.googleusercontent.com/0liYiX1qlk0LZ-9X0HbK1qFWA9doML7II0z712AMiJTjZpjaUAPibjAn9nf-IsTcTi3sjBbg3fEkpf5h8pj8LL5_i7igxvHO',NULL,4,5,NULL,83,343,0.0,0,1,'2026-04-23 16:50:29','2026-04-23 16:50:29'),(39,'Laptop Acer Aspire Go 15 AG15-72P-776J (Core 7 150U/ 16GB/ 512GB/ Windows 11 Home SL)','260301675','CPU: Intel® Core™ 7 150U (1.8 GHz - 5.4 GHz/ 12MB/ 10 nhân, 12 luồng)\nRAM:  1 x 16GB 3200MHz DDR4 (Hỗ trợ tối đa 64GB)\nỔ cứng: 512GB SSD M.2 NVMe\nMàn hình: 15.6\" Full HD  (1920 x 1080) IPS, 60Hz, Màn hình chống lóa, Acer ComfyView, 45% NTSC\nKhác: Bàn phím thường, FHD webcam, Non-EVO\nOS: Windows 11 Home SL',22990000,26425287,'https://lh3.googleusercontent.com/wBbofg9ow0mi9U_DhFAURVuT1fqfFUelUcTdk24vCbKflmxWaXygq9SrsXa7Sy68wk4o9P_4yzUEkg8oywJqMLce7oJ8hq4',NULL,4,5,NULL,22,963,0.0,0,1,'2026-04-23 16:50:29','2026-04-23 16:50:29'),(40,'Laptop Acer Aspire Go 14 AG14-72P-34M4 (i3-1305U/ 8GB/ 512GB/ Windows 11 Home Single Language)','260301668','CPU: Intel® Core™ i3-1305U (1.6 GHz - 4.5 GHz/ 10MB/ 5 nhân, 6 luồng)\nRAM:  1 x 8GB 3200MHz DDR4 (Hỗ trợ tối đa 64GB)\nỔ cứng: 512GB SSD M.2 NVMe\nMàn hình: 14\" WUXGA  (1920 x 1200) IPS, 60Hz, Màn hình chống lóa, Acer ComfyView, 45% NTSC\nKhác: Bàn phím thường, FHD webcam, Non-EVO\nOS: Windows 11 Home SL',14490000,15750000,'https://lh3.googleusercontent.com/CCR8H3V33FP5rOrtIdstSHMzN6COy4iPHkKueIaQ07QSN5AFE8q23FLSsVKb_qpWeTsuA48kuzzT4sHIv6xk8VuGUv2A7XxD',NULL,4,5,NULL,33,392,0.0,0,1,'2026-04-23 16:50:29','2026-04-23 16:50:29'),(41,'Laptop Asus Vivobook Go 14 E1404FA-EB935W (Ryzen 5 40/ 16GB/ 512GB/ Windows 11 Home)','260301642','CPU: AMD Ryzen™ 5 40 (2.8 GHz - 4.3 GHz/ 4MB/ 4 nhân, 8 luồng)\nRAM:  16GB Onboard LPDDR5 (Không nâng cấp được)\nỔ cứng: 512GB SSD M.2 NVMe\nMàn hình: 14\" Full HD  (1920 x 1080) IPS, 60Hz, \nKhác: Bàn phím thường, HD webcam, AMD\nOS: Windows 11 Home',17390000,NULL,'https://lh3.googleusercontent.com/S4k7BqblZTYH55idMIqwUFGVR7ljNUmiFjwMKqfuY3Un49TGCMNFFjISFbqU4nLlBtbL3UF7DaYRrpNg2Yk4fkgu-T8zIuwkkA',NULL,4,1,NULL,52,150,0.0,0,1,'2026-04-23 16:50:29','2026-04-23 16:50:29'),(42,'Laptop Acer Nitro V 15 ProPanel ANV15-41-R9M1 (Ryzen 5 7535HS/ GeForce RTX™ 3050/ 16GB/ 512GB/ Windows 11 Home SL)','260301635','CPU: AMD Ryzen™ 5 7535HS (3.3 GHz - 4.55 GHz/ 16MB/ 6 nhân, 12 luồng)\nVGA: GeForce RTX™ 3050 6GB GDDR6\nRAM:  1 x 16GB 4800MHz DDR5 (Hỗ trợ tối đa 96GB)\nỔ cứng: 512GB SSD M.2 NVMe\nMàn hình: 15.6\" Full HD  (1920 x 1080) IPS, 180Hz, Màn hình chống lóa, Acer ComfyView, \nKhác: Bàn phím thường, HD webcam, AMD\nOS: Windows 11 Home SL',24990000,27766667,'https://lh3.googleusercontent.com/CRIkUcYXST49iy4GeJrDxMvI7xYSZruc9rWfn9gA0NW1aZMEdPWOSZokZGDpaCkZYV-B9s3PwvUFQRMrTBnqZHphASE6qds',NULL,3,5,NULL,93,771,0.0,0,1,'2026-04-23 16:50:29','2026-04-23 16:50:29'),(43,'Laptop Asus ROG Zephyrus G16 GU605CR-QR265WS (Ultra 9-285H/ GeForce RTX™ 5070Ti/ 32GB/ 1TB/ Win 11 Home)','260300913','CPU: Intel® Core™ Ultra 9-285H (2.5 GHz - 5.4GHz/ 36MB/ 24 nhân, 24 luồng)\nNPU:  Intel® AI Boost 13 TOPS\nVGA: GeForce RTX™ 5070Ti 12GB GDDR7\nRAM:  32GB Onbard 7467MHz LPDDR5x (Không nâng cấp được)\nỔ cứng: 1TB SSD M.2 NVMe\nMàn hình: 16\" WQXGA  (2560 x 1600) OLED, 240Hz, Màn hình gương, 500 nits, G-Sync, 100% DCI-P3\nKhác: Bàn phím Chiclet với phím Copilot, FHD webcam, Dolby Atmos, Intel AI\nOS: Windows 11 Home',77990000,NULL,'https://lh3.googleusercontent.com/-5sn_uOoxsg2mx5Uv4qNc99LrREvCsq3cc5RTjfyVuyl36QpDPB7iadAyPZLpTxfIXVIklkRJDnotXsJ5Cy7KtXwXQIvCjUGGQ',NULL,3,1,NULL,17,887,0.0,0,1,'2026-04-23 16:50:29','2026-04-23 16:50:29'),(44,'Laptop Asus Expertbook B1 BM1403CDA-S61611W (Ryzen 5 150/ 16GB/ 512GB/ Windows 11 Home Single Language)','260300867','CPU: AMD Ryzen™ 5 150 (3.3 GHz - 4.5 GHz/ 16MB/ 6 nhân, 12 luồng)\nRAM:  1 x 16GB 5600MHz DDR5 (Hỗ trợ tối đa 64GB)\nỔ cứng: 512GB SSD M.2 NVMe\nMàn hình: 14\" Full HD  (1920 x 1080) 60Hz, Màn hình chống lóa, 300 nits, 45% NTSC\nKhác: Bàn phím thường, HD webcam, Audio by Dirac, AMD\nOS: Windows 11 Home SL',19490000,25311688,'https://lh3.googleusercontent.com/7p1bfEHooKdBOOsN4rNd10CpATCbCq4hvKfYTm1aqEG-p_DmcZNNthR9PQ9suLVbdBpP3__0ZipLJdLYmesHE5zhkgBbZEnQ',NULL,4,1,NULL,51,506,0.0,0,1,'2026-04-23 16:50:29','2026-04-23 16:50:29'),(45,'MacBook Neo 13 inch A18 Pro 2026 (6CPU/5GPU/8GB/512GB)','260300851','CPU: Apple A18 Pro\nMàn hình: 13 inch (2408 x 1506) Liquid Retina\nRAM: 8GB / 512GB SSD\nHệ điều hành: macOS\nPin: 36.5 Wh',18490000,24653333,'https://lh3.googleusercontent.com/dJNETfV0o9FHqkUOcIvlmNn3SfDznTuUMlULdRJ79f-s7h-n3PMMI0uO7pEx40ztbMASBPDTALE7RwICeE-cQ_71G57ksf0',NULL,5,7,NULL,95,465,0.0,0,1,'2026-04-23 16:50:29','2026-04-23 16:50:29'),(46,'MacBook Neo 13 inch A18 Pro 2026 (6CPU/5GPU/8GB/256GB)','260300847','CPU: Apple A18 Pro\nMàn hình: 13 inch (2408 x 1506) Liquid Retina\nRAM: 8GB / 256GB SSD\nHệ điều hành: macOS\nPin: 36.5 Wh',15990000,17010638,'https://lh3.googleusercontent.com/7AOftfvLMo4sqZ5Tgs-L9KncU5WZ5_pGnXk0jWpTHiv4ojyUZcmPhdbUyIFnhMZJvPQx-GjiUSmEZ0DIVZBdOQ1nOsbUa10yPQ',NULL,5,7,NULL,24,183,0.0,0,1,'2026-04-23 16:50:29','2026-04-23 16:50:29'),(47,'MacBook Pro M5 Pro 14 inch 2026 (15 CPU/ 16 GPU/ 24GB/ 1TB)','260300554','CPU: Apple M5 Pro\nMàn hình: 14.2 inch (3024 x 1964) Liquid Retina XDR\nRAM: 24GB / 1TB SSD\nHệ điều hành: macOS\nPin: 72.4 Wh',58990000,NULL,'https://lh3.googleusercontent.com/FTyWd25HPrxIx3r6nvZ3Sa9_7LM8BMk9BtpS-Q5_wHMHoDpQJFK8J8ryPgkcj6zo-XtRTlfxHGs0DjUanTKJJk_cmdnjTTh3CQ',NULL,5,7,NULL,96,740,0.0,0,1,'2026-04-23 16:50:29','2026-04-23 16:50:29'),(48,'MacBook Air M5 15 inch 2026 (10 CPU/ 10 GPU/ 16GB/ 1TB)','260300548','CPU: Apple M5\nMàn hình: 15.3 inch (2880 x 1864) Liquid Retina\nRAM: 16GB / 1TB SSD\nHệ điều hành: macOS\nPin: 66.5 Wh',39990000,51935065,'https://lh3.googleusercontent.com/HfZ6NNA7ocux0bir0cJ-V2FU3Nx4ykYdLWkR14H8Ohafp3YejB7T_Vr3KF2IXkc4SDP9iNtz7FKNs93l4wsmb16zz-yBN30',NULL,5,7,NULL,74,697,0.0,0,1,'2026-04-23 16:50:29','2026-04-23 16:50:29'),(49,'MacBook Air M5 15 inch 2026 (10 CPU/ 10 GPU/ 16GB/ 512GB)','260300544','CPU: Apple M5\nMàn hình: 15.3 inch (2880 x 1864) Liquid Retina\nRAM: 16GB / 512GB SSD\nHệ điều hành: macOS\nPin: 66.5 Wh',34490000,41059524,'https://lh3.googleusercontent.com/EAmFC4HS5oQAmnLQCaN2YHRvLPHYd9WUCCu1uPtkcJhPum5xDCWYpyGaKR241nNw-8oMJixgb9GZlT4ATeXrwcxnSjceJpwjvQ',NULL,5,7,NULL,89,675,0.0,0,1,'2026-04-23 16:50:29','2026-04-23 16:50:29'),(50,'MacBook Air M5 13 inch 2026 (10 CPU/ 10 GPU/ 24GB/ 1TB)','260300540','CPU: Apple M5\nMàn hình: 13.6 inch (2560 x 1664) Liquid Retina\nRAM: 24GB / 1TB SSD\nHệ điều hành: macOS\nPin: 53.8 Wh',40490000,NULL,'https://lh3.googleusercontent.com/sx_Uy2QH-4xGv-4VBskrOIsg9JXnz1F2joldExxENzxQXyBGHBb0cmgiGRV05GJifSicv3VsHDYmonM08wrqHqyTtDuarhLA',NULL,5,7,NULL,57,359,0.0,0,1,'2026-04-23 16:50:29','2026-04-23 16:50:29'),(51,'MacBook Air M5 13 inch 2026 (10 CPU/ 10 GPU/ 16GB/ 1TB)','260300536','CPU: Apple M5\nMàn hình: 13.6 inch (2560 x 1664) Liquid Retina\nRAM: 16GB / 1TB SSD\nHệ điều hành: macOS\nPin: 53.8 Wh',34990000,NULL,'https://lh3.googleusercontent.com/HkzJTV4x3BZQP_wymE-JWuOpH1Dk8nXhhR3RqIAjAqdwySMlwTjAyPYaC2NkAqrrskQWwyCPkMJO-nlXFUpKIkmQiGcm7KE',NULL,5,7,NULL,57,661,0.0,0,1,'2026-04-23 16:50:29','2026-04-23 16:50:29'),(52,'MacBook Air M5 13 inch 2026 (10 CPU/ 8 GPU/ 16GB/ 512GB)','260300532','CPU: Apple M5\nMàn hình: 13.6 inch (2560 x 1664) Liquid Retina\nRAM: 16GB / 512GB SSD\nHệ điều hành: macOS\nPin: 53.8 Wh',29490000,NULL,'https://lh3.googleusercontent.com/6QO0ztlJtQ_XrS3y0kPB8THM31ZfSewOunkhsMPsMAhoJvPuXu59ACepC_h3Zfw2VXBIglwZ3u0IgMaVDgayG5tpUShHzgFq',NULL,5,7,NULL,64,929,0.0,0,1,'2026-04-23 16:50:29','2026-04-23 16:50:29'),(53,'Laptop HP 15-fc0024AU - D0BH2PA (Ryzen 5 7520U/ 16GB/ 512GB/ Windows 11 Home)','260300497','CPU: AMD Ryzen™ 5 7520U (2.8 GHz - 4.3 GHz/ 4MB/ 4 nhân, 8 luồng)\nRAM:  16GB Onboard 5500MHz DDR5 (Không nâng cấp được)\nỔ cứng: 512GB SSD M.2 NVMe\nMàn hình: 15.6\" Full HD  (1920 x 1080) Màn hình chống lóa, 250 nits, 45% NTSC\nKhác: Bàn phím thường, HD webcam, AMD\nOS: Windows 11 Home',16490000,19174419,'https://lh3.googleusercontent.com/qnChWNlInxU2n7wXevO3-4B_DenoQ9QDYNwnFSOKPO02GyD_XlcQVxhEQaooItQIplh8hHmLVEEWcVzv_sIlcXstBy82ekSxOw',NULL,4,4,NULL,93,445,0.0,0,1,'2026-04-23 16:50:29','2026-04-23 16:50:29'),(54,'Laptop Lenovo ThinkPad E14 Gen 7 - 21SX0030VN (Ultra 7-255H/ 16GB/ 1TB/ Windows 11 Home SL, English)','260204297','CPU: Intel® Core™ Ultra 7-255H (2.0 GHz - 5.1 GHz/ 24MB/ 16 nhân, 16 luồng)\nNPU:  Intel® AI Boost 13 TOPS\nRAM:  1 x 16GB 5600MHz DDR5 (Hỗ trợ tối đa 64GB)\nỔ cứng: 1TB SSD M.2 NVMe\nMàn hình: 14\" WUXGA  (1920 x 1200) IPS, 60Hz, Màn hình chống lóa, 300 nits, 45% NTSC\nKhác: Bàn phím thường, FHD webcam, Dolby Atmos, Intel AI\nOS: Windows 11 Home SL, English',39990000,NULL,'https://lh3.googleusercontent.com/MeaOaFbMVu94BVmaXoRxlnmtCtjMotC5r266S1G8C5FsgUTADU7HegkV_GsQs6G1REbzZhORes5sbCW2rHRFYGt1Er5GUN5_',NULL,4,3,NULL,82,906,0.0,0,1,'2026-04-23 16:50:29','2026-04-23 16:50:29'),(55,'Laptop Dell Pro 14 Essential PV14250-150U-161TBW (Core 7 150U/ 16GB/ 1TB/ Windows 11 Home SL)','260204231','CPU: Intel® Core™ 7 150U (1.8 GHz - 5.4 GHz/ 12MB/ 10 nhân, 12 luồng)\nRAM:  1 x 16GB DDR5 (Hỗ trợ tối đa 32GB)\nỔ cứng: 1TB SSD\nMàn hình: 14\" WUXGA  (1920 x 1200) WVA, 60Hz, \nKhác: Bàn phím thường, HD webcam, Non-EVO\nOS: Windows 11 Home SL',30490000,36297619,'https://lh3.googleusercontent.com/oVHovocU3UIrk1-rdpM62blYZanz3TvAbcjcQFzDWYZPqQNOa1ybqrBvGPb-if6Y8rSMlsNwepAiNaAxa4iy28GVl9AcKVO3',NULL,4,2,NULL,83,105,0.0,0,1,'2026-04-23 16:50:29','2026-04-23 16:50:29'),(56,'Laptop Acer Aspire Go 14 AG14-72P-563L (Core 5 120U/ 16GB/ 512GB/ Windows 11 Home SL)','260203236','CPU: Intel® Core™ 5 120U (1.4 GHz - 5.0 GHz/ 12MB/ 10 nhân, 12 luồng)\nRAM:  1 x 16GB 3200MHz DDR4 (Hỗ trợ tối đa 64GB)\nỔ cứng: 512GB SSD M.2 NVMe\nMàn hình: 14\" WUXGA  (1920 x 1200) IPS, 60Hz, Acer ComfyView, 45% NTSC\nKhác: Bàn phím thường, FHD webcam, Non-EVO\nOS: Windows 11 Home SL',18990000,NULL,'https://lh3.googleusercontent.com/ZH5O9uwQ3jSv9lHJEv5HbhdxBYXv14yKDTKLgce8Hgn2Y1Xdx6vME__BqaoVjps0DGwQt2e6GqefXXpD21qUQdO4W4mbl8cl',NULL,4,5,NULL,38,137,0.0,0,1,'2026-04-23 16:50:29','2026-04-23 16:50:29'),(57,'Laptop Lenovo ThinkPad X1 2-in-1 Gen 10 - 21NU004TVN (Ultra 7-258V/ 32GB/ 1TB/ Windows 11 Pro)','260203209','CPU: Intel® Core™ Ultra 7-258V (2.2 GHz - 4.8 GHz/ 12MB/ 8 nhân, 8 luồng)\nNPU:  Intel® AI Boost 47 TOPS\nRAM:  32GB Onboard 8533MHz LPDDR5x (Không nâng cấp được)\nỔ cứng: 1TB SSD M.2 NVMe\nMàn hình: 14\" WUXGA  (1920 x 1200) IPS, 60Hz, Màn hình chống lóa, 500 nits, 100% sRGB\nKhác: Có phím Copilot, FHD webcam, Dolby Atmos, Copilot+ PC\nOS: Windows 11 Pro',72390000,89370370,'https://lh3.googleusercontent.com/ykn2LstYz0JtqJm-3ql5g7BlohsNwkySZ3oEMjvBx4ZjwCpoL7trEw-lTLXnMKaRUBRgKeQNm1umFJnrGJapunlLrKW5fkukAw',NULL,4,3,NULL,60,321,0.0,0,1,'2026-04-23 16:50:29','2026-04-23 16:50:29'),(58,'Laptop Lenovo Ideapad Slim 3 16ARP10 - 83K8008WVN (Ryzen 7 7735HS/ 24GB/ 512GB/ Win 11 Home SL)','260203204','CPU: AMD Ryzen™ 7 7735HS (3.2 GHz - 4.75 GHz/ 16MB/ 8 nhân, 16 luồng)\nRAM:  24GB (16GB + 8GB Onboard) 4800MHz DDR5 (Hỗ trợ tối đa 24GB)\nỔ cứng: 512GB SSD M.2 NVMe\nMàn hình: 16\" WUXGA  (1920 x 1200) IPS, 60Hz, Màn hình chống lóa, 300 nits, 45% NTSC\nKhác: Có phím Copilot, FHD webcam, Dolby Audio, AMD\nOS: Windows 11 Home SL',23990000,26362637,'https://lh3.googleusercontent.com/VaggzTP1ct8h2uvuR5qFUthP4jww2FuFtgtpeff3qgjk_9oQ449hAjyc2L5N33yl85nAmmD8f6X2k6cQZxMO_qWCCQZese5i',NULL,4,3,NULL,76,60,0.0,0,1,'2026-04-23 16:50:29','2026-04-23 16:50:29'),(59,'Laptop Lenovo ThinkPad E14 Gen 7 - 21SX005NVN (Ultra 5-225U/ 16GB/ 512GB/ Windows 11 Home SL, English)','260203205','CPU: Intel® Core™ Ultra 5-225U (3.8 GHz - 4.8 GHz/ 12MB/ 12 nhân, 14 luồng)\nNPU:  Intel® AI Boost, up to 12 TOPS\nRAM:  1 x 16GB 5600MHz DDR5 (Hỗ trợ tối đa 64GB)\nỔ cứng: 512GB SSD M.2 NVMe\nMàn hình: 14\" WUXGA  (1920 x 1200) IPS, 60Hz, Màn hình chống lóa, 300 nits, 45% NTSC\nKhác: Bàn phím thường, FHD webcam, Dolby Atmos, Intel AI\nOS: Windows 11 Home SL, English',30990000,41320000,'https://lh3.googleusercontent.com/v0NQCY8Pf514aKj2VqI71zhXLtln-wOZV1HAuEpRUqJ2YaVO-gr8DX01hPPcfye1w5dVTVR9AT3RmqExSNL7cQsUfHGME7Q',NULL,4,3,NULL,52,603,0.0,0,1,'2026-04-23 16:50:29','2026-04-23 16:50:29'),(60,'Laptop Lenovo ThinkPad E14 Gen 7 - 21U2003QVN (Ultra 5-226V/ 16GB/ 512GB/ Windows 11 Home SL, English)','260203206','CPU: Intel® Core™ Ultra 5-226V (2.1 GHz - 4.5 GHz/ 8MB/ 8 nhân, 8 luồng)\nNPU:  Intel® AI Boost 40 TOPS\nRAM:  16GB Onboard 8533MHz LPDDR5x (Không nâng cấp được)\nỔ cứng: 512GB SSD M.2 NVMe\nMàn hình: 14\" WUXGA  (1920 x 1200) IPS, 60Hz, Màn hình chống lóa, 300 nits, 45% NTSC\nKhác: Bàn phím thường, FHD webcam, Dolby Atmos, Intel AI\nOS: Windows 11 Home SL, English',28990000,35353659,'https://lh3.googleusercontent.com/JvcBfPmVpSA4Pt_yRKXuPjcJ4T8D2M1OPETZiQewOGupg5pIHwXXMGeZcqSzgWUq5nP-WWRrnhJiCBTzFK7E90psBFjaieej',NULL,4,3,NULL,98,856,0.0,0,1,'2026-04-23 16:50:29','2026-04-23 16:50:29'),(61,'Laptop Lenovo ThinkBook 14 G8 IAL - 21SJ00EAVN (Ultra 5-135H/ 16GB/ 512GB/ Win 11 Home SL, English)','260203207','CPU: Intel® Core™ Ultra 5-135H (1.7 GHz - 4.6 GHz/ 18MB/ 14 nhân, 18 luồng)\nNPU:  Intel® AI Boost, up to 11 TOPS\nRAM:  1 x 16GB 5600MHz DDR5 (Hỗ trợ tối đa 64GB)\nỔ cứng: 512GB SSD M.2 NVMe\nMàn hình: 14\" WUXGA  (1920 x 1200) IPS, 60Hz, Màn hình chống lóa, 300 nits, 45% NTSC\nKhác: Bàn phím thường, FHD webcam, Dolby Audio, Intel AI\nOS: Windows 11 Home SL, English',24990000,NULL,'https://lh3.googleusercontent.com/moJYBcB-MFHnQJdxsbRTMx6iFnK7zGidYty4lT-zdHQnVUWG9antq18uQ6xqIvz9hPtdh7_XOLzMXqur3yQY57nLoXrSAfcGQA',NULL,4,3,NULL,93,578,0.0,0,1,'2026-04-23 16:50:29','2026-04-23 16:50:29'),(62,'Laptop Lenovo V14 G5 IRL - 83HD0035VN (Core 7 240H/ 16GB/ 512GB/ Windows 11 Home SL)','260203208','CPU: Intel® Core™ 7 240H (2.5 GHz - 5.2 GHz/ 24MB/ 10 nhân, 16 luồng)\nRAM:  1 x 16GB 5200MHz DDR5 (Hỗ trợ tối đa 32GB)\nỔ cứng: 512GB SSD M.2 NVMe\nMàn hình: 14\" Full HD  (1920 x 1080) IPS, Màn hình chống lóa, 300 nits, 45% NTSC\nKhác: Bàn phím thường, HD webcam, High Definition Audio, Non-EVO\nOS: Windows 11 Home SL, English',22990000,27369048,'https://lh3.googleusercontent.com/Uma78rnXWyM4C_Z1pEMrOx-Lv3cK6LrvB-vBbl9-sdw58aC_fSP-ogu_VC7Qobpl207NqJG6ny87ILYww06WpXdqzS_pNP4x',NULL,4,3,NULL,13,619,0.0,0,1,'2026-04-23 16:50:29','2026-04-23 16:50:29'),(63,'Laptop Dell Pro 13 Plus PB13250 - 42LTU7PB13250 (Ultra 7-265U/ 16GB/ 512GB/ Win 11 Home SL)','260202648','CPU: Intel® Core™ Ultra 7-265U (4.2 GHz - 5.3 GHz/ 12MB/ 12 nhân, 14 luồng)\nNPU:  Intel® AI Boost 12 TOPS\nRAM:  1 x 16GB 5600MHz DDR5 (Hỗ trợ tối đa 64GB)\nỔ cứng: 512GB SSD M.2 NVMe\nMàn hình: 13.3\" WUXGA  (1920 x 1200) IPS, 60Hz, Màn hình chống lóa, 300 nits, 45% NTSC\nKhác: Bàn phím thường, FHD webcam, Intel AI\nOS: Windows 11 Home SL',38990000,44306818,'https://lh3.googleusercontent.com/pITo_69gLi7DiuM1y7BfaYQkIUuy_ZfHJzInkf9oTKTxPH6-HJRr_tujTNd7nfWpEaXomS82EeaBeCGfkJeUmmZ2VcjshtDttg',NULL,4,2,NULL,42,707,0.0,0,1,'2026-04-23 16:50:29','2026-04-23 16:50:29'),(64,'Laptop Dell 15 DC15250-CPH991 (i7-1355U/ 16GB/ 1TB/ Win 11 Home SL + Office)','260202510','CPU: Intel® Core™ i7-1355U (1.7 GHz - 5.0 GHz/ 12MB/ 10 nhân, 12 luồng)\nRAM:  1 x 16GB 4400MHz DDR5 (Hỗ trợ tối đa 32GB)\nỔ cứng: 1TB SSD M.2 NVMe\nMàn hình: 15.6\" Full HD  (1920 x 1080) 120Hz, Màn hình chống lóa, \nKhác: Bàn phím thường, HD webcam, Non-EVO\nOS: Windows 11 Home SL + Office Home & Student 2024',23990000,30367089,'https://lh3.googleusercontent.com/hlpCuwwIZ49z-_ZIif5CzCE5xbmcMFYD18YmThf3wjUvnKwb7wO7xr7-wd3hNLuEbcI_QIotxJ2RCtSupzdI2SfYGwhdSmQi',NULL,4,2,NULL,55,176,0.0,0,1,'2026-04-23 16:50:29','2026-04-23 16:50:29'),(65,'Laptop Asus Zenbook 14 UM3406GA-QD073WS (Ryzen AI 7 445/ 32GB/ 1TB/ Win 11 Home + Office + Microsoft)','260202420','CPU: AMD Ryzen™ AI 7 445 (2.0 GHz - 5.0 GHz/ 24MB/ 8 nhân, 16 luồng)\nNPU:  AMD XDNA™ lên đến 50TOPs\nRAM:  32GB Onboard LPDDR5x (Hỗ trợ tối đa 32GB)\nỔ cứng: 1TB SSD M.2 NVMe\nMàn hình: 14\" WUXGA  (1920 x 1200) OLED, 60Hz, Màn hình gương, 400 nits, 100% DCI-P3\nKhác: Bàn phím Chiclet với phím Copilot, FHD webcam, Smart Amp Technology, AMD AI\nOS: Windows 11 Home + Office Home & Student 2024 + Microsoft 365 Basic 1 year Free Onedrive',36390000,NULL,'https://lh3.googleusercontent.com/daiaE-NIRuWgkqsfAZSC8KGb-M6dRzfnR6-03_oOTAIUx2ZKzhmKWkRzq4fBuaGLQR90HmveMKBXad4XTCKg9hjvsw1gb0lk',NULL,4,1,NULL,41,138,0.0,0,1,'2026-04-23 16:50:29','2026-04-23 16:50:29'),(66,'Laptop Asus ExpertBook P1 P1503CVA-C5H16-63WS (Core 5 210H/ 16GB/ 512GB/ Win 11 Home + Office + Microsoft)','260202421','CPU: Intel® Core™ 5 210H (2.2 GHz - 4.8 GHz/ 12MB/ 8 nhân, 12 luồng)\nRAM:  1 x 16GB DDR5\nỔ cứng: 512GB SSD M.2 NVMe\nMàn hình: 15.6\" Full HD  (1920 x 1080) IPS, 60Hz, Màn hình chống lóa, 300 nits, 45% NTSC\nKhác: Bàn phím Chiclet với phím Copilot, HD webcam, Non-EVO\nOS: Windows 11 Home + Office Home & Student 2024 + Microsoft 365 Basic 1 year Free Onedrive',20690000,NULL,'https://lh3.googleusercontent.com/uG4erjNxtBrSEss-K_JXD3azZw6zozSR5GwU6b2nW6RNqjF45auHpN56cFtf9lQNafvLcpIyKTNUcCVXTWw32ufFL0csei_zrQ',NULL,4,1,NULL,55,994,0.0,0,1,'2026-04-23 16:50:29','2026-04-23 16:50:29'),(67,'Laptop Asus ExpertBook P1 P1403CVA-C5H16-63WS (Core 5 210H/ 16GB/ 512GB/ Win 11 Home + Office + Microsoft)','260202422','CPU: Intel® Core™ 5 210H (2.2 GHz - 4.8 GHz/ 12MB/ 8 nhân, 12 luồng)\nRAM:  1 x 16GB 5200MHz DDR5 (Hỗ trợ tối đa 64GB)\nỔ cứng: 512GB SSD M.2 NVMe\nMàn hình: 14\" Full HD  (1920 x 1080) IPS, 60Hz, Màn hình chống lóa, 300 nits, 45% NTSC\nKhác: Bàn phím Chiclet với phím Copilot, HD webcam, Non-EVO\nOS: Windows 11 Home + Office Home & Student 2024 + Microsoft 365 Basic 1 year Free Onedrive',20690000,22010638,'https://lh3.googleusercontent.com/HKj723yjOknVzSD9kqyUDip4pVNN2k6LjivaV_SLDOZTsbUjALJAw4CgtwP2_vEzwN2QmxZRgh91VBpqddiNXPcHVPbGFC5X',NULL,4,1,NULL,54,435,0.0,0,1,'2026-04-23 16:50:29','2026-04-23 16:50:29'),(68,'Laptop Asus Zenbook 14 UM3406GA-QD075WS (Ryzen AI 7 445/ 16GB/ 512GB/ Win 11 Home + Office + Microsoft)','260202423','CPU: AMD Ryzen™ AI 7 445 (2.0 GHz - 5.0 GHz/ 24MB/ 8 nhân, 16 luồng)\nNPU:  AMD XDNA™ lên đến 50TOPs\nRAM:  16GB Onboard LPDDR5x (Không nâng cấp được)\nỔ cứng: 512GB SSD M.2 NVMe\nMàn hình: 14\" WUXGA  (1920 x 1200) OLED, 60Hz, Màn hình gương, 400 nits, 100% DCI-P3\nKhác: Bàn phím Chiclet với phím Copilot, FHD webcam, Smart Amp Technology, AMD AI\nOS: Windows 11 Home + Office Home & Student 2024 + Microsoft 365 Basic 1 year Free Onedrive',29990000,NULL,'https://lh3.googleusercontent.com/5lKmG4gpnR72KtrsyHobpApoJtDmCiPZhMPGEV27y-2D5qN08ckIaZOluRz6eKylSz1C3Z8KCJ9KLMp4lbqrnaHfnjBAknM',NULL,4,1,NULL,65,874,0.0,0,1,'2026-04-23 16:50:29','2026-04-23 16:50:29'),(69,'Laptop Asus ExpertBook P5 P5405CSA-NZ0017W (Ultra 7-258V/ 32GB/ 1TB/ Win 11 Home)','260202424','CPU: Intel® Core™ Ultra 7-258V (2.2 GHz - 4.8 GHz/ 12MB/ 8 nhân, 8 luồng)\nNPU:  Intel® AI Boost 40 TOPS\nRAM:  32GB Onboard LPDDR5x (Không nâng cấp được)\nỔ cứng: 1TB SSD M.2 NVMe\nMàn hình: 14\" WQXGA  (2560 x 1600) 144Hz, Màn hình chống lóa, 400 nits, 100% sRGB\nKhác: Bàn phím thường, FHD webcam, Dolby Atmos, Intel AI\nOS: Windows 11 Home',32990000,NULL,'https://lh3.googleusercontent.com/_Tj3csJyrhUSGErXwNVRYbpe63Be9yVMqW9oiUHIp1mpQCovPKcFGJ2gbx8OxOTpWkOPGueBhGj2LRuFYNsm7E30FpgO_sYk',NULL,4,1,NULL,89,967,0.0,0,1,'2026-04-23 16:50:29','2026-04-23 16:50:29'),(70,'Laptop Asus Vivobook S14 M3407GA-SF030W (Ryzen AI 7 445/ 16GB/ 512GB/ Windows 11 Home)','260201135','CPU: AMD Ryzen™ AI 7 445 (2.0 GHz - 5.0 GHz/ 24MB/ 8 nhân, 16 luồng)\nNPU:  AMD XDNA™ lên đến 50TOPs\nRAM:  16GB Onboard DDR5 (Hỗ trợ tối đa 32GB)\nỔ cứng: 512GB SSD M.2 NVMe\nMàn hình: 14\" WUXGA  (1920 x 1200) OLED, 60Hz, Màn hình gương, 300 nits, 95% DCI-P3\nKhác: Bàn phím thường, FHD webcam, SonicMaster, AMD AI\nOS: Windows 11 Home',27490000,28936842,'https://lh3.googleusercontent.com/0Yt95zs1LtiNkSoaeriBspXPA47LFyLtwasUvAH6MQi6xep0KSJnzqdwWIQkI9GTGfy58mn_LgGyYo-r1nK0U2neNaFV4m4',NULL,4,1,NULL,98,260,0.0,0,1,'2026-04-23 16:50:29','2026-04-23 16:50:29'),(71,'Laptop Acer Nitro ProPanel ANV16-72-782F (Core 7 240H/ GeForce RTX™ 5050/ 16GB/ 512GB/ Windows 11 Home Single Language)','260200481','CPU: Intel® Core™ 7 240H (2.5 GHz - 5.2 GHz/ 24MB/ 10 nhân, 16 luồng)\nVGA: GeForce RTX™ 5050 \nRAM:  1 x 16GB 5600MHz DDR5 (Hỗ trợ tối đa 96GB)\nỔ cứng: 512GB SSD M.2 NVMe\nMàn hình: 16\" WUXGA  (1920 x 1200) IPS, 180Hz, Màn hình chống lóa, Acer ComfyView, 100% sRGB\nKhác: Bàn phím thường, HD webcam, Acer TrueHarmony Technology, Non-EVO\nOS: Windows 11 Home SL',38990000,NULL,'https://lh3.googleusercontent.com/kUdPuSi21La3IFZnwnhzl1PxgdrS4SZFo1OWF8t0BjlBn9DqdwuTBRwErIeBaieXmyV5aFkRKvqycVNLLOiocZA0mWg-JEkd',NULL,3,5,NULL,71,93,0.0,0,1,'2026-04-23 16:50:29','2026-04-23 16:50:29'),(72,'Laptop Acer Nitro ProPanel ANV15-52-74UM (Core 7 240H/ GeForce RTX™ 3050/ 16GB/ 512GB/ Win 11 Home SL)','260200477','CPU: Intel® Core™ 7 240H (2.5 GHz - 5.2 GHz/ 24MB/ 10 nhân, 16 luồng)\nVGA: GeForce RTX™ 3050 6GB GDDR6\nRAM:  1 x 16GB 5600MHz DDR5 (Hỗ trợ tối đa 96GB)\nỔ cứng: 512GB SSD M.2 NVMe\nMàn hình: 15.6\" Full HD  (1920 x 1080) IPS, 180Hz, Màn hình chống lóa, 300 nits, Acer ComfyView, 100% sRGB\nKhác: Bàn phím Chiclet với phím Copilot, HD webcam, Acer Purified Voice; Acer TrueHarmony, Non-EVO\nOS: Windows 11 Home SL',31990000,NULL,'https://lh3.googleusercontent.com/NeK_kxyjNqHc-DZITqkkk_v_8SPNsEDH-H5ASyrqsHPoMYeCW6UJxzfRRCMxhqc-LI03W2hUtyju5aRwBxxiiA-rnVl7A7c',NULL,3,5,NULL,99,911,0.0,0,1,'2026-04-23 16:50:29','2026-04-23 16:50:29'),(73,'Laptop Acer Nitro ProPanel ANV15-52-59RR (Core 5 210H/ GeForce RTX™ 5050/ 16GB/ 512GB/ Win 11 Home SL)','260200472','CPU: Intel® Core™ 5 210H (2.2 GHz - 4.8 GHz/ 12MB/ 8 nhân, 12 luồng)\nVGA: GeForce RTX™ 5050 8GB GDDR7\nRAM:  1 x 16GB 3200MHz DDR4 (Hỗ trợ tối đa 64GB)\nỔ cứng: 512GB SSD M.2 NVMe\nMàn hình: 15.6\" Full HD  (1920 x 1080) IPS, 180Hz, Màn hình chống lóa, Acer ComfyView, \nKhác: Bàn phím Chiclet với phím Copilot, HD webcam, Acer Purified Voice; Acer TrueHarmony, Non-EVO\nOS: Windows 11 Home SL',33990000,NULL,'https://lh3.googleusercontent.com/PvzM6hvYg2tFbohusZKn4k3tmLNTZV-vCZuWLH0MCL7NTe0DfFinKWf5xIAzxBY3tkWBDLmDER61Mq3cPh5EEkCbU8d6uSv_',NULL,3,5,NULL,96,348,0.0,0,1,'2026-04-23 16:50:29','2026-04-23 16:50:29'),(74,'Laptop Acer Aspire Lite 15 AL15-42P-R8E6 (Ryzen 5 7430U/ 16GB/ 512GB/ Win 11 Home SL + Office + Microsoft)','260200467','CPU: AMD Ryzen™ 5 7430U (2.0 GHz - 4.5 GHz/ 16MB/ 6 nhân, 12 luồng)\nRAM:  1 x 16GB 3200MHz DDR4 (Hỗ trợ tối đa 32GB)\nỔ cứng: 512GB SSD M.2 NVMe\nMàn hình: 15.6\" Full HD  (1920 x 1080) IPS, 60Hz, Màn hình chống lóa, 250 nits, Acer ComfyView, 45% NTSC\nKhác: Có phím Copilot, FHD webcam, AMD\nOS: Windows 11 Home + Office Home & Student 2024 + Microsoft 365 Basic 1 year',15490000,NULL,'https://lh3.googleusercontent.com/a74rt6M4mjHSUhn_G3N3pj6W9VLYsYbMymdiiVQDvq0q5b7CnT1FL9sujj_zpUawCvJ2Oaaxusm-_-hpe0IXS9rpnBB6SYA',NULL,4,5,NULL,83,439,0.0,0,1,'2026-04-23 16:50:29','2026-04-23 16:50:29'),(75,'Laptop HP 250R G9 - AX3C8AT (i3-1315U/ 8GB/ 512GB/ Windows 11 Home Single Language 64-bit)','260107631','CPU: Intel® Core™ i3-1315U (1.2 GHz - 4.5GHz/ 10MB/ 6 nhân, 8 luồng)\nRAM:  1 x 8GB 3200MHz DDR4\nỔ cứng: 512GB SSD M.2 NVMe\nMàn hình: 15.6\" Full HD  (1920 x 1080) Màn hình chống lóa, \nKhác: Bàn phím thường, HD webcam, High Definition Audio, Non-EVO\nOS: Windows 11 Home SL 64-bit',13690000,16105882,'https://lh3.googleusercontent.com/kRBsV_pPZy__zUoozs8KzXfahbZdhlgrgNnM16_Ga1BS4aBi9u0nz3ofePk1DcOt-kPL0cfHlLIp5KxxNMlYNeNDyFTd_i8',NULL,4,4,NULL,97,152,0.0,0,1,'2026-04-23 16:50:29','2026-04-23 16:50:29'),(76,'Laptop Gigabyte Gaming A16 CMHI2VN894SH (i7-13620H/ GeForce RTX™ 4050/ 16GB/ 1TB/ Windows 11 Home SL)','260107632','CPU: Intel® Core™ i7-13620H (2.4 GHz - 4.9GHz/ 24MB/ 10 nhân, 16 luồng)\nVGA: GeForce RTX™ 4050 6GB GDDR6\nRAM:  1 x 16GB 5200MHz DDR5 (Hỗ trợ tối đa 64GB)\nỔ cứng: 1TB SSD M.2 NVMe\nMàn hình: 16\" WUXGA  (1920 x 1200) IPS, 165Hz, Màn hình chống lóa, \nKhác: Bàn phím thường, HD webcam, Non-EVO\nOS: Windows 11 Home SL',29990000,NULL,'https://lh3.googleusercontent.com/Ca6AbDWbvUvLssPx25D3DvBt_ilPguKCmQ5QtYD1pDQhaCe_WAzK6rA4_-LdoswGhgF5rVBHSIGsMPC_M6WhsaReYyGqzDvY',NULL,3,8,NULL,81,658,0.0,0,1,'2026-04-23 16:50:29','2026-04-23 16:50:29'),(77,'Laptop HP 250 G10 - B73TQAT (i3-1315U/ 8GB/ 512GB/ Windows 11 Home Single Language 64-bit)','260107633','CPU: Intel® Core™ i3-1315U (1.2 GHz - 4.5GHz/ 10MB/ 6 nhân, 8 luồng)\nRAM:  1 x 8GB 3200MHz DDR4\nỔ cứng: 512GB SSD M.2 NVMe\nMàn hình: 15.6\" Full HD  (1920 x 1080) IPS, Màn hình chống lóa, \nKhác: Bàn phím thường, HD webcam, High Definition Audio, Non-EVO\nOS: Windows 11 Home SL 64-bit',13690000,15211111,'https://lh3.googleusercontent.com/jxHRvVChJVzzgfgSPbqJ5RltDIyMkIRf9YhxoVACEsfBHOa7Mv5VVLHQP6hO9zGqHwh_i_WBOBbCzWkQuNS006g3_c9DlRFn',NULL,4,4,NULL,31,558,0.0,0,1,'2026-04-23 16:50:29','2026-04-23 16:50:29'),(78,'Laptop Lenovo Legion Pro 7 16IAX10H - 83F500JGVN (Ultra 9 275HX/ GeForce RTX™ 5070Ti/ 32GB/ 1TB) (FIFA World Cup 26™ Edition)','260106659','CPU: Intel® Core™ Ultra 9-275HX (2.7 GHz - 5.4 GHz/ 36MB/ 24 nhân, 24 luồng)\nNPU:  Intel® AI Boost 13 TOPS\nVGA: GeForce RTX™ 5070Ti 12GB GDDR7, 992 AI TOPs\nRAM:  2 x 16GB 6400MHz DDR5 (Hỗ trợ tối đa 32GB)\nỔ cứng: 1TB SSD M.2 NVMe\nMàn hình: 16\" WQXGA  (2560 x 1600) OLED, 240Hz, Màn hình chống lóa, 500 nits, G-Sync, 100% DCI-P3\nKhác: Bàn phím gaming RGB Per-Key với phím Copilot, HD webcam, Nahimic Audio, Intel AI\nOS: Windows 11 Home SL, English',83990000,NULL,'https://lh3.googleusercontent.com/2UUMr0L5JbMCbqU8jAvAAY0j4TCpQ_u0gfWm1NdCD_gCaapHrFMn7MavXH9g7O8ZINAcenNtl7DAO0jKnioghibx4nrrc1Sz',NULL,3,3,NULL,14,228,0.0,0,1,'2026-04-23 16:50:29','2026-04-23 16:50:29'),(79,'Laptop Acer Nitro ProPanel ANV15-52-73Z8 (Core 7 240H/ GeForce RTX™ 4050/ 16GB/ 512GB/ Win 11 Home SL)','260105720','CPU: Intel® Core™ 7 240H (2.5 GHz - 5.2 GHz/ 24MB/ 10 nhân, 16 luồng)\nVGA: GeForce RTX™ 4050 6GB GDDR6, 194 AI TOPs\nRAM:  1 x 16GB 5600MHz DDR5 (Hỗ trợ tối đa 96GB)\nỔ cứng: 512GB SSD M.2 NVMe\nMàn hình: 15.6\" Full HD  (1920 x 1080) IPS, 180Hz, Màn hình chống lóa, 300 nits, Acer ComfyView, 100% sRGB\nKhác: Bàn phím Chiclet với phím Copilot, HD webcam, Acer Purified Voice; Acer TrueHarmony, Non-EVO\nOS: Windows 11 Home SL',33990000,NULL,'https://lh3.googleusercontent.com/lhcky7ewbHBZKkKCVvljVzj18ZX80cioEUQYnn_QprIdISy-Zbbcolr8PLo5XeiNQ2K0TGQ0nQ3Bqq6M0zqNa_CP3mLdhqvyOQ',NULL,3,5,NULL,74,906,0.0,0,1,'2026-04-23 16:50:29','2026-04-23 16:50:29'),(80,'Laptop Acer Nitro ProPanel ANV15-52-50VA (Core 5 210H/ GeForce RTX™ 3050/ 16GB/ 512GB/ Win 11 Home SL)','260105713','CPU: Intel® Core™ 5 210H (2.2 GHz - 4.8 GHz/ 12MB/ 8 nhân, 12 luồng)\nVGA: GeForce RTX™ 3050 6GB GDDR6\nRAM:  1 x 16GB 5200MHz DDR5 (Hỗ trợ tối đa 96GB)\nỔ cứng: 512GB SSD M.2 NVMe\nMàn hình: 15.6\" Full HD  (1920 x 1080) IPS, 180Hz, Màn hình chống lóa, 300 nits, Acer ComfyView, 100% sRGB\nKhác: Bàn phím Chiclet với phím Copilot, HD webcam, Acer Purified Voice; Acer TrueHarmony, Non-EVO\nOS: Windows 11 Home SL',29990000,NULL,'https://lh3.googleusercontent.com/WT0IzRLn1oEl_R7jk6-uIMTC5zgPMALveZehhPNEEa4Q6sPFHP_hAzjBBVkJbuIZ5FhJsHQGvH_b4j4EkzsHzLF5VHhrjtUI8A',NULL,3,5,NULL,65,923,0.0,0,1,'2026-04-23 16:50:29','2026-04-23 16:50:29'),(81,'Laptop Acer Aspire Go 15 AG15-72P-54GY (Core 5 120U/ 16GB/ 512GB/ Windows 11)','260105706','CPU: Intel® Core™ 5 120U (1.4 GHz - 5.0 GHz/ 12MB/ 10 nhân, 12 luồng)\nRAM:  1 x 16GB 3200MHz DDR4 (Hỗ trợ tối đa 64GB)\nỔ cứng: 512GB SSD M.2 NVMe\nMàn hình: 15.6\" Full HD  (1920 x 1080) IPS, 60Hz, Màn hình chống lóa, 350 nits, Acer ComfyView, 45% NTSC\nKhác: Bàn phím Chiclet, FHD webcam, Non-EVO\nOS: Windows 11 Home SL',18990000,NULL,'https://lh3.googleusercontent.com/3ySvcIoeR59RiPn6XtJtz8zQRbeZWwqbaS_e3rQTT_2jEePrlMEfvv58pdljrCcep3h5FBSJeavrq2Jbg-9WnxscT-iei6Q',NULL,4,5,NULL,88,378,0.0,0,1,'2026-04-23 16:50:29','2026-04-23 16:50:29'),(82,'Laptop Asus Vivobook 15 M1502NAQ-BQ021W (Ryzen 5 150/ 16GB/ 512GB/ Windows 11 Home)','260105700','CPU: AMD Ryzen™ 5 150 (3.3 GHz - 4.55 GHz/ 16MB/ 6 nhân, 12 luồng)\nRAM:  16GB (8GB + 8GB Onboard) DDR5 (Hỗ trợ tối đa 16GB)\nỔ cứng: 512GB SSD M.2 NVMe\nMàn hình: 15.6\" Full HD  (1920 x 1080) IPS, 60Hz, Màn hình chống lóa, 250 nits, 45% NTSC\nKhác: Bàn phím Chiclet với phím Copilot, HD webcam, SonicMaster, AMD\nOS: Windows 11 Home',17790000,NULL,'https://lh3.googleusercontent.com/QY4sJIqEHe7YL3zkgpxyV3rNmdHuJbdCnp6B9p6g8s0TgA3LEDb9qxP_Ngpvh9naQajrMZ3709mk9xZQvXIu5OyTN82fz8kd',NULL,4,1,NULL,64,536,0.0,0,1,'2026-04-23 16:50:29','2026-04-23 16:50:29'),(83,'Laptop Acer Aspire Go 15 AG15-72P-35X9 (i3-1305U/ 8GB/ 256GB/ Windows 11)','260105698','CPU: Intel® Core™ i3-1305U (1.6 GHz - 4.5 GHz/ 10MB/ 5 nhân, 6 luồng)\nRAM:  1 x 8GB 3200MHz DDR4 (Hỗ trợ tối đa 64GB)\nỔ cứng: 256GB SSD M.2 NVMe\nMàn hình: 15.6\" Full HD  (1920 x 1080) IPS, 60Hz, Màn hình chống lóa, 350 nits, Acer ComfyView, 45% NTSC\nKhác: Bàn phím Chiclet, FHD webcam, Non-EVO\nOS: Windows 11 Home SL',12890000,NULL,'https://lh3.googleusercontent.com/Yw2mmpFTZ-b3icpZIhLLSTAnAJBORvuFGimyKPVIwTm8GQidNg3pn4PEKFrCvqCYV2SF8KaXsGPwyy02yf356O2J8Nrf0Izw',NULL,4,5,NULL,23,551,0.0,0,1,'2026-04-23 16:50:29','2026-04-23 16:50:29'),(84,'Laptop Asus Vivobook 16 X1607CA-MB980W (Ultra 5-225H/ 16GB/ 512GB/ Windows 11 Home SL)','260105689','CPU: Intel® Core™ Ultra 5-225H (1.7 GHz - 4.9 GHz/ 18MB/ 14 nhân, 14 luồng)\nNPU:  Intel® AI Boost 13 TOPS\nRAM:  16GB Onboard 5600MHz DDR5 (Hỗ trợ tối đa 32GB)\nỔ cứng: 512GB SSD M.2 NVMe\nMàn hình: 16\" WUXGA  (1920 x 1200) IPS, 60Hz, Màn hình chống lóa, \nKhác: Bàn phím Chiclet với phím Copilot, FHD webcam, SonicMaster, Intel AI\nOS: Windows 11 Home SL',21990000,NULL,'https://lh3.googleusercontent.com/3vGzGL41cKAMoGfvdanOxt83HlHK2aI8kokKBssACfR-kmfvFYj4S7IQ0TOdE5kZ_7usD1IEKZzhJPfw0rA0X8StvM9fEpGyGQ',NULL,4,1,NULL,16,287,0.0,0,1,'2026-04-23 16:50:29','2026-04-23 16:50:29'),(85,'Laptop Asus Vivobook 15 X1504VA-BQ265W (Core 5 120U/ 16GB/ 512GB/ Win 11 Home)','260105680','CPU: Intel® Core™ 5 120U (1.4 GHz - 5.0 GHz/ 12MB/ 10 nhân, 12 luồng)\nRAM:  16GB (8GB + 8GB Onboard) 5200MHz DDR5 (Hỗ trợ tối đa 16GB)\nỔ cứng: 512GB SSD M.2 NVMe\nMàn hình: 15.6\" Full HD  (1920 x 1080) IPS, 60Hz, Màn hình chống lóa, 250 nits, 45% NTSC\nKhác: Bàn phím Chiclet với phím Copilot, HD webcam, SonicMaster, Non-EVO\nOS: Windows 11 Home',20290000,NULL,'https://lh3.googleusercontent.com/QOZAYV9A-BeMYbLnBzVg6cDODOIDNrNRYqa-DeQxRx8UrA18Z26d3GPNifVsLFIfVbfyH4Do9_zUc-xX3FsSHEGNGqQeDIY',NULL,4,1,NULL,83,896,0.0,0,1,'2026-04-23 16:50:29','2026-04-23 16:50:29'),(86,'Laptop Asus Vivobook 14 M1407GA-LY270W (Ryzen AI 7 445/ 16GB/ 512GB/ Windows 11 Home)','260102100','CPU: AMD Ryzen™ AI 7 445 (2.0 GHz - 5.0 GHz/ 24MB/ 8 nhân, 16 luồng)\nNPU:  AMD XDNA™ lên đến 50TOPs\nRAM:  16GB Onboard 5600MHz DDR5 (Hỗ trợ tối đa 32GB)\nỔ cứng: 512GB SSD M.2 NVMe\nMàn hình: 14\" WUXGA  (1920 x 1200) IPS, 60Hz, Màn hình chống lóa, 300 nits, 45% NTSC\nKhác: Bàn phím Chiclet với phím Copilot, FHD webcam, SonicMaster, AMD AI\nOS: Windows 11 Home',24290000,NULL,'https://lh3.googleusercontent.com/j4uG3BXYlzj1RdweTxG9pp-3zbMTzlHvrxYnJTbMWoLLbJomABsKXZVhkGqF9F7-YRhV47eqbMs352ueYBmoxRp1rei1e8k',NULL,4,1,NULL,90,763,0.0,0,1,'2026-04-23 16:50:29','2026-04-23 16:50:29'),(87,'Laptop Asus Vivobook X1407CA-LY008W (Ultra 5-225H/ 16GB/ 512GB/ Windows 11 Home)','260102097','CPU: Intel® Core™ Ultra 5-225H (1.7 GHz - 4.9 GHz/ 18MB/ 14 nhân, 14 luồng)\nNPU:  Intel® AI Boost 13 TOPS\nRAM:  16GB Onboard 5600MHz DDR5 (Hỗ trợ tối đa 32GB)\nỔ cứng: 512GB SSD M.2 NVMe\nMàn hình: 14\" WUXGA  (1920 x 1200) IPS, 60Hz, Màn hình chống lóa, 300 nits, 45% NTSC\nKhác: Bàn phím Chiclet với phím Copilot, FHD webcam, SonicMaster, Intel AI\nOS: Windows 11 Home',21890000,26373494,'https://lh3.googleusercontent.com/OECJoNGOhRDkt60zsYVuaJpOySmMOvDyylIof-9YnkUYDVWQ9oqGBUtzpoiANjqyH1xnmpaXXZrz0Ka6vFcF1xN0xkbfyFzO',NULL,4,1,NULL,86,842,0.0,0,1,'2026-04-23 16:50:29','2026-04-23 16:50:29'),(88,'Laptop Asus Gaming V16 V3607VJ-RP071W (Core 5 210H/ GeForce RTX™ 3050/ 16GB/ 512GB/ Win 11 Home)','260102090','CPU: Intel® Core™ 5 210H (2.2 GHz - 4.8 GHz/ 12MB/ 8 nhân, 12 luồng)\nVGA: GeForce RTX™ 3050 6GB GDDR6, 142 TOPS\nRAM:  1 x 16GB 5600MHz DDR5 (Hỗ trợ tối đa 32GB)\nỔ cứng: 512GB SSD M.2 NVMe\nMàn hình: 16\" WUXGA  (1920 x 1200) 144Hz, Màn hình chống lóa, 300 nits, 45% NTSC\nKhác: Bàn phím Chiclet với phím Copilot, FHD webcam, SonicMaster, Non-EVO\nOS: Windows 11 Home',27990000,NULL,'https://lh3.googleusercontent.com/ZlhOKYmi7iOUJFIduTT1z4G-7KwNDMaYcBSyKwVtFwdh6MjuD9vlM7JR8bzgmZuh9qmaI8mrPHVfLXQxan85ssozzEd2hF7I',NULL,3,1,NULL,67,623,0.0,0,1,'2026-04-23 16:50:29','2026-04-23 16:50:29'),(89,'Laptop Asus Vivobook 14 X1404VA-EB355W (Core 7 150U/ 16GB/ 512GB/ Win 11 Home)','260102080','CPU: Intel® Core™ 7 150U (1.8 GHz - 5.4 GHz/ 12MB/ 10 nhân, 12 luồng)\nRAM:  16GB (8GB + 8GB Onboard) 3200MHz DDR4 (Hỗ trợ tối đa 24GB)\nỔ cứng: 512GB SSD M.2 NVMe\nMàn hình: 14\" Full HD  (1920 x 1080) IPS, 60Hz, Màn hình chống lóa, 250 nits, 45% NTSC\nKhác: Bàn phím Chiclet, HD webcam, SonicMaster, Non-EVO\nOS: Windows 11 Home',22290000,23463158,'https://lh3.googleusercontent.com/7hpigiXdeHtQsg6pJ8aqM46ToXwkzpjtcwLXlV1Ow6ShMReSqXe2S3jopV_992WDYUEjTb75i5ihc2KjKUWPGbbGaz2mfeYD',NULL,4,1,NULL,59,933,0.0,0,1,'2026-04-23 16:50:29','2026-04-23 16:50:29'),(90,'Laptop Dell 15 DC15250-i7U161W11SLU-5 (i7-1355U/ 16GB/ 1TB/ Win 11 Home SL + Office + Microsoft)','260102081','CPU: Intel® Core™ i7-1355U (1.7 GHz - 5.0 GHz/ 12MB/ 10 nhân, 12 luồng)\nRAM:  1 x 16GB 4400MHz DDR5 (Hỗ trợ tối đa 16GB)\nỔ cứng: 1TB SSD M.2 NVMe\nMàn hình: 15.6\" Full HD  (1920 x 1080) 120Hz, Màn hình chống lóa, \nKhác: Bàn phím thường, HD webcam, Non-EVO\nOS: Windows 11 Home + Office Home & Student 2024 + Microsoft 365 Basic',23590000,25641304,'https://lh3.googleusercontent.com/3PX5G7nIanbk0kac5SFpZVz6AOfRSRj58dR9ubePv8KYQMtkDxK_y4_yAlVhhADehZIb6X7fG4fN8DcIg7zMMLl7ZPiWbyQ',NULL,4,2,NULL,100,850,0.0,0,1,'2026-04-23 16:50:29','2026-04-23 16:50:29'),(91,'Laptop Asus Vivobook 14 M1405NAQ-LY010W (Ryzen 5 150/ 16GB/ 512GB/ Windows 11 Home)','260102064','CPU: AMD Ryzen™ 5 150 (3.3 GHz - 4.5 GHz/ 16MB/ 6 nhân, 12 luồng)\nRAM:  16GB (8GB + 8GB Onboard) 4800MHz DDR5 (Hỗ trợ tối đa 32GB)\nỔ cứng: 512GB SSD M.2 NVMe\nMàn hình: 14\" WUXGA  (1920 x 1200) IPS, 60Hz, Màn hình chống lóa, 300 nits, 45% NTSC\nKhác: Bàn phím thường, HD webcam, SonicMaster, AMD\nOS: Windows 11 Home',17690000,19439560,'https://lh3.googleusercontent.com/AXyl-pjdtuLTZATfsnHqaGAav-lNGsQ0sdVIGUcDDzppBEzfco9a5M3CsNfLtUQSRSa4tCVXRsF403a4JHvqGHub0NZW0P4Z',NULL,4,1,NULL,97,18,0.0,0,1,'2026-04-23 16:50:29','2026-04-23 16:50:29'),(92,'Laptop Asus Vivobook 15 M1502NAQ-BQ031W (Ryzen 7 170/ 16GB/ 512GB/ Windows 11 Home)','260102037','CPU: AMD Ryzen™ 7 170 (3.2 GHz - 4.75 GHz/ 16MB/ 8 nhân, 16 luồng)\nRAM:  16GB (8GB + 8GB Onboard) DDR5 (Hỗ trợ tối đa 24GB)\nỔ cứng: 512GB SSD M.2 NVMe\nMàn hình: 15.6\" Full HD  (1920 x 1080) IPS, 60Hz, Màn hình chống lóa, 250 nits, 45% NTSC\nKhác: Bàn phím Chiclet với phím Copilot, HD webcam, SonicMaster, AMD\nOS: Windows 11 Home',18890000,23320988,'https://lh3.googleusercontent.com/ARdtxOP5XNK6p-V4DXi_ETPOsGyvmz8MOKeA4Qi_UqF_BzpNzgdiqkG0JxOxd_D24SkhFEuNXmvxxFMtST1-0eQFq1dqSCDyeA',NULL,4,1,NULL,13,886,0.0,0,1,'2026-04-23 16:50:29','2026-04-23 16:50:29'),(93,'Laptop Dell 14 DC14250 - F0FTK5 (Core 5 120U/ 16GB/ 1TB/ Win 11 Home + Office)','260101199','CPU: Intel® Core™ 5 120U (1.4 GHz - 5.0 GHz/ 12MB/ 10 nhân, 12 luồng)\nRAM:  1 x 16GB 5200MHz DDR5 (Hỗ trợ tối đa 32GB)\nỔ cứng: 1TB SSD M.2 NVMe\nMàn hình: 14\" WUXGA  (1920 x 1200) WVA, 120Hz, Màn hình chống lóa, 300 nits, 45% NTSC\nKhác: Bàn phím thường, HD webcam, Non-EVO\nOS: Windows 11 Home + Office Home & Student 2024',23490000,26693182,'https://lh3.googleusercontent.com/32g6eVTxt3fYpCtJY1wPTh5ru2ug7UXyjS7V_VXHaHwDtqKrYW-Fm68NRc124l3IkSTHAn_9pwylFAJd7rpACABGWJjToCNf',NULL,4,2,NULL,57,178,0.0,0,1,'2026-04-23 16:50:29','2026-04-23 16:50:29'),(94,'Laptop Dell 14 DC14255-YKMXX (Ryzen 5 220/ 16GB/ 512GB/ Win 11 Home + Office)','260101200','CPU: AMD Ryzen™ 5 220 (3.2 GHz - 4.9 GHz/ 16MB/ 6 nhân, 12 luồng)\nRAM:  1 x 16GB 5600MHz DDR5 (Hỗ trợ tối đa 32GB)\nỔ cứng: 512GB SSD M.2 NVMe\nMàn hình: 14\" WUXGA  (1920 x 1200) WVA, Màn hình chống lóa, 300 nits, 45% NTSC\nKhác: Bàn phím thường, HD webcam, AMD\nOS: Windows 11 Home + Office Home & Student 2024',23990000,26076087,'https://lh3.googleusercontent.com/QeMUOpj1S_YpwrV9hxUfwt9EcR9daaQX-CSlGHY0kRLRkEKk4ZbZ4hpGjA-DsgPojwGvCbbQh1d2KhrUEf2DZprwxUfuO0M',NULL,4,2,NULL,66,325,0.0,0,1,'2026-04-23 16:50:29','2026-04-23 16:50:29'),(95,'Laptop Dell 16 Plus DB16250 - X65NW7 (Ultra 7-256V/ 16GB/ 1TB/ Win 11 Home + Office)','260101201','CPU: Intel® Core™ Ultra 7-256V (3.7 GHz - 4.8 GHz/ 12MB/ 8 nhân, 8 luồng)\nNPU:  Intel® AI Boost 47 TOPS\nRAM:  16GB Onboard 8533MHz LPDDR5x (Không nâng cấp được)\nỔ cứng: 1TB SSD M.2 NVMe\nMàn hình: 16\" WQXGA  (2560 x 1600) WVA, 120Hz, Màn hình chống lóa, 300 nits, ComfortView Plus, 45% NTSC\nKhác: Bàn phím thường, FHD webcam, Intel AI\nOS: Windows 11 Home + Office Home & Student 2024',39990000,NULL,'https://lh3.googleusercontent.com/2uvpoz_IpsUs4EsDwglDgF4glt-gDY9tm6wDLvp5Q3r1dahwJQqdbjoWqfcT950T-K-d25Xm-oS97NoJnksKuaPTXsg7sFw',NULL,4,2,NULL,95,183,0.0,0,1,'2026-04-23 16:50:29','2026-04-23 16:50:29'),(96,'Laptop Dell 16 Plus DB16250 - X65NW9 (Ultra 9-288V/ 32GB/ 2TB/ Win 11 Home + Office)','260101202','CPU: Intel® Core™ Ultra 9-288V (3.3 GHz - 5.1 GHz/ 12MB/ 8 nhân, 8 luồng)\nNPU:  Intel® AI Boost 48 TOPS (Total up to 120 TOPs)\nRAM:  32GB Onbard 8533MHz LPDDR5x (Hỗ trợ tối đa 32GB)\nỔ cứng: 2TB SSD M.2 NVMe\nMàn hình: 16\" WQXGA  (2560 x 1600) WVA, 120Hz, Màn hình chống lóa, 300 nits, ComfortView Plus, \nKhác: Bàn phím thường, FHD webcam, High Definition Audio, Intel AI\nOS: Windows 11 Home + Office Home & Student 2024',57990000,66655172,'https://lh3.googleusercontent.com/XKyoTI4rig7Tj4q5NJG7lA4uLXpZpRJk1ZxItDLVoOIh2fl7UL4YwkoXOds-Wa-MLDXZhfE9WTRWz7j9okWNDPZ8jFWLCUI',NULL,4,2,NULL,46,718,0.0,0,1,'2026-04-23 16:50:29','2026-04-23 16:50:29'),(97,'Laptop Dell 14 DC14250 - C3U085W11SLU (Core 3 100U/ 8GB/ 512GB/ Win 11 Home + Office + Microsoft)','251211497','CPU: Intel® Core™ 3 100U (1.2 GHz - 4.7 GHz/ 10MB/ 6 nhân, 8 luồng)\nRAM:  1 x 8GB 5200MHz DDR5 (Hỗ trợ tối đa 16GB)\nỔ cứng: 512GB SSD M.2 NVMe\nMàn hình: 14\" WUXGA  (1920 x 1200) WVA, 60Hz, Màn hình chống lóa, 300 nits, ComfortView Plus, 45% NTSC\nKhác: Bàn phím thường, HD webcam, Non-EVO\nOS: Windows 11 Home + Office Home & Student 2024 + Microsoft 365 Basic',17490000,21329268,'https://lh3.googleusercontent.com/PXyanwgUwHUIxUNuHPHgIwrsaDbTUryig0v0iBedfr2YeKzEmej3BvcjEbV1w_8cXdPYOa2mPQ3J4lC7tZMsVPnuAkRtOIxl',NULL,4,2,NULL,61,133,0.0,0,1,'2026-04-23 16:50:29','2026-04-23 16:50:29'),(98,'Laptop Msi Prestige 14 AI+ Evo C2VMG-020VN (Ultra 7-258V/ 32GB/ 1TB/ Win 11 Home)','251208700','CPU: Intel® Core™ Ultra 7-258V (2.2 GHz - 4.8 GHz/ 12MB/ 8 nhân, 8 luồng)\nNPU:  Intel® AI Boost 47 TOPS\nRAM:  32GB Onboard 8533MHz LPDDR5x (Không nâng cấp được)\nỔ cứng: 1TB SSD M.2 NVMe\nMàn hình: 14\" 2.8K  (2880 x 1800) OLED, 120Hz, 100% DCI-P3\nKhác: Có phím Copilot, HD webcam, Intel AI\nOS: Windows 11 Home',33490000,NULL,'https://lh3.googleusercontent.com/0BdPsHM3U3IBh9Rg9fC8jexAI8-jWmX3NG32g1dAybu7d0CLPOBTBS7MYGV1uXEq14oUcmJ69mJymAXr9XV8I1dPT8Y-KqnHpw',NULL,4,6,NULL,44,446,0.0,0,1,'2026-04-23 16:50:29','2026-04-23 16:50:29'),(99,'Laptop Msi Modern 15 H AI C2HMG-220VN (Ultra 7-255H/ 16GB/ 512GB/ Win 11 Home SL)','251208701','CPU: Intel® Core™ Ultra 7-255H (2.0 GHz - 5.1 GHz/ 24MB/ 16 nhân, 16 luồng)\nNPU:  Intel® AI Boost 13 TOPS\nRAM:  2 x 8GB 5600MHz DDR5 (Hỗ trợ tối đa 96GB)\nỔ cứng: 512GB SSD M.2 NVMe\nMàn hình: 15.6\" Full HD  (1920 x 1080) IPS, Màn hình chống lóa, \nKhác: Bàn phím thường, HD webcam, High Definition Audio, Intel AI\nOS: Windows 11 Home SL',23490000,30506494,'https://lh3.googleusercontent.com/uONfuEApAxRXG7mNKjmuLfROMDvPAIhFxFi6QN6g9wZVoG3gO7Q1KzImp-999UhWVhpx53HknivvZnfiX_EZauBMn6hwXbc4',NULL,4,6,NULL,75,927,0.0,0,1,'2026-04-23 16:50:29','2026-04-23 16:50:29'),(100,'Laptop Msi Modern 15 H C2RMG-287VN (Core 7 240H/ 16GB/ 1TB/ Win 11 Home SL)','251208702','CPU: Intel® Core™ 7 240H (2.5 GHz - 5.2 GHz/ 24MB/ 10 nhân, 16 luồng)\nRAM:  2 x 8GB 3200MHz DDR4\nỔ cứng: 1TB SSD M.2 NVMe\nMàn hình: 15.6\" Full HD  (1920 x 1080) IPS, Màn hình chống lóa, \nKhác: Bàn phím thường, HD webcam, High Definition Audio, Non-EVO\nOS: Windows 11 Home SL',23490000,NULL,'https://lh3.googleusercontent.com/FQth-mDF_KljpIxG7pQ_pHJSE7OFaj4uh90Avyj2GCdlTFQoEmQJ7y7isOnmFNA51_2LC2aqPnpTl9CVrU0TVZwci39-sDM4',NULL,4,6,NULL,37,519,0.0,0,1,'2026-04-23 16:50:29','2026-04-23 16:50:29'),(101,'Bàn phím cơ Gaming có dây E-Dra EK375v2 Beta (Xanh Đen)','260400574','- Bàn phím cơ\n- Kết nối: USB\n- Switch: E-Dra Linear Custom Switch\n- Phím chức năng: Có',429000,498837,'https://lh3.googleusercontent.com/2FQ8Dkq5vmFk02oH-H4tup9u_nYOMmkYNSQkG9n4PSJm7cONUGYtpt4-RcRogStSuUI9jrDdldDbI86KA77f7DGZdx40n4R5',NULL,7,9,NULL,48,45,0.0,0,1,'2026-04-23 16:50:29','2026-04-23 16:50:29'),(102,'Chuột Gaming không dây E-Dra EM631W (Trắng)','260400575','- Giao diện: USB + 2.4Ghz + Bluetooth\n- Độ phân giải tối đa: 8000 DPI\n- Số nút: 7 nút\n- Đèn LED: RGB\n- Switch: Huano\n- Dây cáp: Type-C 1.6m (Cáp bọc rời)',339000,NULL,'https://lh3.googleusercontent.com/m_lxCqqHlB9UYHLTfxpsS4MqC6Zgx3-e-VtTF2SJf3A7bsGh9PfSTruHqEmJ3PlKgyyGswHUy3bnO6EKD3-Tab6KcS9ll-rq',NULL,6,9,NULL,37,572,0.0,0,1,'2026-04-23 16:50:29','2026-04-23 16:50:29'),(103,'Chuột Gaming có dây E-Dra EM631 (Trắng)','260400576','- Giao diện: USB\n- DPI tối đa: 12800dpi\n- Switch: 5M Timelife\n- Số nút bấm: 7 nút\n- Đèn LED: RGB (13 mode)\n- Dây cáp liền 1.6m',239000,NULL,'https://lh3.googleusercontent.com/snREX3ao-Obx0jTdRG5b6SmwTcDBkEk9qTnZVilod_tb03SYUL2XbEHx2xG1vI5lxkg2pK4czesnYPImyMOgDOWl802o96m4',NULL,6,9,NULL,19,115,0.0,0,1,'2026-04-23 16:50:29','2026-04-23 16:50:29'),(104,'Ghế Gaming Warrior lmmortal Series WGC225 (Đen)','260400570','- Tay ghế 4D linh hoạt\n- Bệ tì tay silicon siêu mềm\n- Piston class 4 chịu lực lên đến 150kg-170kg\n- Khả năng ngả lưng lên đến 160 độ\n- Ghế xoay 180 độ',3379000,NULL,'https://lh3.googleusercontent.com/tsm93p_XLrKeWgcjsQnRWAAiqmzqemWh0mTKYSYjb648gUdU-viT255PfXwzVtpKxOrSlvpzkxD_ls53Ij5ixMZar4Kpf_RJ',NULL,10,10,NULL,99,723,0.0,0,1,'2026-04-23 16:50:29','2026-04-23 16:50:29'),(105,'Bàn phím cơ Gaming không dây E-Dra EK368S (Đen Trắng)','260400569','- Bàn phím cơ\n- Kết nối: Bluetooth, 2.4 GHz Wireless, USB\n- Switch: E-Dra Switch\n- Phím chức năng: Có',549000,NULL,'https://lh3.googleusercontent.com/BVdkZssIxffh42y1Vuphiu2i99HtCjVWcQIuHLiskC_MixX8oYUZX_5EF2GcfPPZ74X3_93HxJhCjCEN3RD-k8sNeLcrrX4',NULL,7,9,NULL,38,398,0.0,0,1,'2026-04-23 16:50:29','2026-04-23 16:50:29'),(106,'Chuột không dây E-Dra EM629X (Đen)','260400565','- Giao diện: USB + 2.4Ghz + Bluetooth\n- Độ phân giải: 12000 DPI\n- Chipset PAW 3311\n- Switch: Huano (20M Timelife)\n- Chất liệu: nhựa ABS phủ lớp chống nước',449000,510227,'https://lh3.googleusercontent.com/AiBLX7S-0kEVqTUT_Scefhn8E9eiT6Ko2rvHnIxwows2qSORkr6Qxf_sRAHOeKgaxGT9LTm1Yfl0dxTQ9MtoIiCAqTH9rV6V',NULL,6,9,NULL,17,456,0.0,0,1,'2026-04-23 16:50:29','2026-04-23 16:50:29'),(107,'Bàn phím cơ Gaming có dây E-Dra EK368HE, Magnetic Switch (Đen Vàng)','260400566','- Bàn phím cơ\n- Kết nối: USB\n- Switch: Magnetic Switch',799000,NULL,'https://lh3.googleusercontent.com/ophZ9wA9z21HoSjE-TQfIGGgGPwgl4UVZ1iDSlNZzB-kGpKJKNIrnx6KLZBexS0tF7nxM4cinSnLgs_dS_AKwN5bs75WNGIq',NULL,7,9,NULL,44,676,0.0,0,1,'2026-04-23 16:50:29','2026-04-23 16:50:29'),(108,'Bàn phím cơ Gaming không dây E-Dra EK375S, Red Switch (Đen Trắng)','260400561','- Bàn phím cơ\n- Kết nối: Bluetooth, 2.4 GHz Wireless, USB\n- Switch: E-Dra Switch\n- Phím chức năng: Có',599000,721687,'https://lh3.googleusercontent.com/bzbyDCK29beuxCRnope8newYA07zsQm9j_Ohl0daktmiMeDC6pvmFZD7Qro3XFYyYOnVlrXfYKP6yIonQAzIctB7N9uAi5vb',NULL,7,9,NULL,56,64,0.0,0,1,'2026-04-23 16:50:29','2026-04-23 16:50:29'),(109,'Bàn phím cơ Gaming không dây E-Dra EK398S, Red Switch (Đen Trắng)','260400556','- Bàn phím cơ\n- Kết nối: Bluetooth, 2.4 GHz Wireless, USB\n- Switch: E-Dra Switch\n- Phím chức năng: Có',729000,878313,'https://lh3.googleusercontent.com/Mg9FmaRGpqZEYU1ML9gLAfmM7FIFLJtkDeI_CB9fNIFLNH6aw5LdyZsNA4jdnRL3sS2Fj_7_3rK9G1NBBmDhlcts4YWZKGEr1Q',NULL,7,9,NULL,52,733,0.0,0,1,'2026-04-23 16:50:29','2026-04-23 16:50:29'),(110,'Chuột Gaming không dây Razer Viper V4 Pro RZ01-05630100-R3A1 (Đen)','260305636','- Kết nối: Wireless, có dây\n- DPI tối đa: 50000dpi\n- Công tắc chuột quang thế hệ 4\n- Cảm biến quang học Razer Focus Pro 50K thế hệ 3\n- Số nút có thể lập trình: 6',4490000,5475610,'https://lh3.googleusercontent.com/kwRsFet5TdaqO_TYdD6Z-yCPz5ldBs7ezucmfLY8q3QcurYjY8ApQUuBYIJEtPX6RrcPNcNenu55Nt6DprIgjvmMzGn2ACW2',NULL,6,11,NULL,77,204,0.0,0,1,'2026-04-23 16:50:29','2026-04-23 16:50:29'),(111,'Bàn phím cơ không dây AKKO 3108 RF V3 Black&Gold - Frost Pink Switch (Đen Vàng)','260304448','- Bàn phím thường\n- Kết nối: USB Type-C, 2.4 GHz Wireless\n- Switch: Frost Pink Switch\n- Phím chức năng: Có',1390000,1561798,'https://lh3.googleusercontent.com/W0oTsJ16SzlzMwo1qyt4EGENE86ElEf4iz4LdhBoOyDAzaKWmZ7hoNiUK5PZnwMT1iZvlKpb4ILZ2SvYflASSDtymF-fXjtG',NULL,7,12,NULL,98,552,0.0,0,1,'2026-04-23 16:50:29','2026-04-23 16:50:29'),(112,'Chuột Gaming không dây Logitech PRO X2 SUPERSTRIKE 910-007778 (GRAPHITE - Đen Trắng)','260304028','- Công nghệ Superstrike cho phép kích hoạt tức thì với độ trễ 9-30ms, nâng cao hiệu suất phản hồi\n- Tinh chỉnh hoạt động và phản hồi xúc giác dễ dàng qua G Hub, giúp bạn kiểm soát tốt hơn trong game,\n- Độ phân giải theo dõi lên đến 44.000 DPI, tốc độ tối da 888 IPS, đảm bảo độ chính xác vượt trội\n- Lightspeed cung cấp tốc độ báo cáo lên đến 8000Hz (0,125 ms) cho hiệu suất không dây nhanh chóng và ổn định\n- Tuổi thọ pin lên đến 90 giờ liên tục',4990000,NULL,'https://lh3.googleusercontent.com/bzJXIqRb1g1ic85HQDOlpGfafEoI8-1M7j3x_XplkVuaTwusnYWTOXmjp1CP339lAh56960FEmftfyQmTYPUn1mcpD32ILU',NULL,6,13,NULL,71,37,0.0,0,1,'2026-04-23 16:50:29','2026-04-23 16:50:29'),(113,'Chuột không dây Keychron M6S-B72 (Trắng)','260302634','- Kết nối: Bluetooth, 2.4 GHz Wireless, USB\n- Switch: Huano Silent Micro Switch\n- DPI tối đa: 12000DPI\n- Tên cảm biến: PixArt 3311',999000,1097802,'https://lh3.googleusercontent.com/3v11YEGbFjpt7Xd5F0LzyH_Zf9HCZssn3NkPAJENm5yEyf1obsXBltgWEaO7fmrCgGE_y0-mJYkdQfo09231ryCjWIu4tCAd',NULL,6,14,NULL,57,750,0.0,0,1,'2026-04-23 16:50:29','2026-04-23 16:50:29'),(114,'Lót chuột Razer Pro Glide - XXL RZ02-03332300-R3M1 (Xám)','260302635','- Màu sắc: xám\n- Bề mặt vải dệt siêu mịn có kết cấu\n- Bọt cao su dày, mật độ cao\n- Đế chống trượt',799000,1037662,'https://lh3.googleusercontent.com/nG5ItdZRK5SYzWS2L12c91Ntdj7zvGDRTwHnqiJ7KezbdBHKuGD9wUOCcgfrnNfgsMuiKdE2MWLsDjYjP7PANcygTWylqASw4Q',NULL,6,11,NULL,89,806,0.0,0,1,'2026-04-23 16:50:29','2026-04-23 16:50:29'),(115,'Chuột không dây Fuhlen M08S (Xám)','260302636','- Kết nối: 2.4 GHz Wireless\n- DPI tối đa: 1600DPI\n- Switch: Huano\n- Cảm biến quang học PixArt 3065',199000,239759,'https://lh3.googleusercontent.com/ipR1gPrwN3_qKTk572wNMQqM_39exb2VcDdkN-BbmwfBDBqDu0yDYgQWTdbUbLb6SwLmbA6M3ikRJ2umZpzpHA5TmqObqDRa5A',NULL,6,15,NULL,37,404,0.0,0,1,'2026-04-23 16:50:29','2026-04-23 16:50:29'),(116,'Chuột không dây Fuhlen M09S (Trắng)','260302637','- Kết nối: 2.4 GHz Wireless\n- DPI tối đa: 1600DPI\n- Switch: Huano\n- Cảm biến quang học PixArt 3065',249000,NULL,'https://lh3.googleusercontent.com/XSdvUKFYdOSCzx-To10O8atwkXYmruK7i88bkk07-2IYVB7glHinH97A2T2hDNXj21rHEvsDKjHk_R1dRGF-Q32kNrMfOu08',NULL,6,15,NULL,70,597,0.0,0,1,'2026-04-23 16:50:29','2026-04-23 16:50:29'),(117,'Lót chuột Razer Pro Glide - Medium RZ02-03331500-R3M1 (Xám)','260302626','- Màu sắc: xám\n- Bề mặt vải dệt siêu mịn có kết cấu\n- Bọt cao su dày, mật độ cao\n- Đế chống trượt',299000,NULL,'https://lh3.googleusercontent.com/mVpGNHEHIQD2kBdag7quvQ4AH1Y0-IzB7GHvyQhnIKGRmdtpNxcKIV1pJC0P1GFo_NEEkPAKHgZ9lnKK2-Ij-_yxrKofKwA',NULL,6,11,NULL,63,73,0.0,0,1,'2026-04-23 16:50:29','2026-04-23 16:50:29'),(118,'Lót chuột Razer Strider - XXL RZ02-03810100-R3M1 (Đen)','260302627','- Màu sắc: Đen\n- Bề mặt làm từ Polyester\n- Đế chống trượt\n- Có thể cuộn lại và dễ mang theo',1290000,1357895,'https://lh3.googleusercontent.com/s41479s01rwni68r2HaxIbZo4Cz7yVcfWKd4vioj8P5RFwZm3gH3JLpjo2OKgrrPRkkilvAj-wbfA6OTgMdzUlsIwD0jlXTm8g',NULL,6,11,NULL,47,455,0.0,0,1,'2026-04-23 16:50:29','2026-04-23 16:50:29'),(119,'Chuột không dây Fuhlen M01S (Đỏ)','260302632','- Kết nối: 2.4 GHz Wireless\n- DPI tối đa: 1200DPI\n- Switch: Huano\n- Trang bị cảm biến quang học',129000,NULL,'https://lh3.googleusercontent.com/Ow14_uOuv5LOOuSRbFQOKJoL0XJdMvB6QcpkM8dL9ubHrpnCm1lcT8O55udRk0M4CMQXuqtyHQGiC8OCCmy-WYXNzf2bCBhI',NULL,6,15,NULL,18,237,0.0,0,1,'2026-04-23 16:50:29','2026-04-23 16:50:29'),(120,'Chuột không dây Fuhlen M02S (Đen)','260302501','- Thiết kế đối xứng\n- Kết nối: 2.4 GHz Wireless\n- DPI tối đa: 1600DPI\n- Công tắc ON/OFF tiện lợi',169000,NULL,'https://lh3.googleusercontent.com/sTgnZTp4PTMrNWeocOJpLFbjNyx_HLGA4xtzH2JSsaLPVCSBt69P0cRf5c4LJTUBHhlaog_13Af5TVcL_2lEqYx1RADS8nw8',NULL,6,15,NULL,23,777,0.0,0,1,'2026-04-23 16:50:29','2026-04-23 16:50:29'),(121,'Chuột không dây Fuhlen M07S (Đen)','260302483','- Kết nối: 2.4 GHz Wireless\n- DPI tối đa: 1200DPI\n- Trang bị cảm biến quang học',139000,151087,'https://lh3.googleusercontent.com/bB-kVKiPiO7cQMJrxNcGR4tOoMsQVx-_MLkCmhArzjsm4aCENXGBuhUSRCsNpfir9SyrQ__nBa84FoGmsIewNWwKHsaQSY21gQ',NULL,6,15,NULL,71,384,0.0,0,1,'2026-04-23 16:50:29','2026-04-23 16:50:29'),(122,'Chuột không dây Fuhlen M06S Silent (Đen)','260302479','- Kết nối: 2.4 GHz Wireless\n- Switch Silent êm ái\n- DPI tối đa: 1600DPI\n- Tên cảm biến: Pixart 3065',169000,181720,'https://lh3.googleusercontent.com/cxDIcg42IB-eSfUNIkaFQZwvHQRPOON3O5SAsmg-P1_aVMbTISgdQNLRIq3fic4K2wV_fiNoX3rS-WfuFDawbtNaoE0nY4lheA',NULL,6,15,NULL,72,192,0.0,0,1,'2026-04-23 16:50:29','2026-04-23 16:50:29'),(123,'Chuột Gaming không dây MCHOSE A7 V2 Ultra MC-A7V2-4 (Green)','260301685','- Kết nối: Bluetooth, 2.4GHz Wireless, Type C\n- Cảm biến PAW3950 TI\n- DPI tối đa: 42.000 DPI\n- Công tắc cơ học Omron (100 triệu lần nhấn)',1349000,1625301,'https://lh3.googleusercontent.com/1iniGeqhzxqPIyVLmot3yt1-uPm2QfK-61FPdlY8FTW1sJTbInKE8ed44bJdUbKkZMSeWcND1yxSS1b6gwaotI3hG41UKwSS',NULL,6,16,NULL,72,624,0.0,0,1,'2026-04-23 16:50:29','2026-04-23 16:50:29'),(124,'Chuột Gaming Không Dây MCHOSE K7 Ultra MC-K7-12 (Iron Red)','260301683','- Kết nối: Bluetooth, 2.4GHz Wireless, Type C\n- Cảm biến PAW3950\n- Tốc độ lấy mẫu 8K\n- DPI tối đa: 42.000 DPI\n- Công tắc cơ học Omron (100 triệu lần nhấn)',1890000,2054348,'https://lh3.googleusercontent.com/v5yZo2AmQ21xtILW-dnO50l56E8IMmoeKJZhI5gNAiLxhssBF6kEH3R4n6fQEbPSIG2BC1kH-kghOJPYToN1Kdmsa0orGmUpeQ',NULL,6,16,NULL,84,192,0.0,0,1,'2026-04-23 16:50:29','2026-04-23 16:50:29'),(125,'Chuột không dây HP 710 Rechargeable Silent 6E6F2AA (Black)','260301680','- Kết nối: Bluetooth 5.3, 2.4GHz Wireless\n- DPI tối đa: 3000 DPI\n- Số nút có thể lập trình: 7\n- Kích thước: 102,1 x 57,1 x 36,2 mm',1599000,NULL,'https://lh3.googleusercontent.com/CfzaafYkU--GNcXBfpUyyvte0GiqFZNNlbZW1HblMB0BSqPaRVAX1-968lWL4ldOpBVhwSi4GGoZ6lXuPDpxQywQRsO5s3s',NULL,6,4,NULL,62,790,0.0,0,1,'2026-04-23 16:50:29','2026-04-23 16:50:29'),(126,'Chuột không dây HP 400 Quiet  AZ7B7AA (Purple)','260301666','- Kết nối: Bluetooth 5.2\n- DPI tối đa: 6000 DPI\n- Số nút có thể lập trình: 5\n- Phạm vi không dây: 10m không có vật cản',599000,696512,'https://lh3.googleusercontent.com/Pt3vS1k-EpntuKdIhO3B00PHsNyVEnRuxZH4jpuOKv9BN5Vqns75NKlrZ1trWBHrgM6unR-MEKEEIbvK9WB8DdwIfqrzZqla',NULL,6,4,NULL,80,512,0.0,0,1,'2026-04-23 16:50:29','2026-04-23 16:50:29'),(127,'Chuột không dây HP Ultra-Fast Scroll 780M B8YX3AA (Black)','260301651','- Kết nối: Bluetooth\n- Số nút có thể lập trình: 6\n- Độ phân giải lên đến 6000 dpi',1999000,2297701,'https://lh3.googleusercontent.com/8wY_mfVlvX7CGhBDfKWGdPZ3Ttm1TSbYajMnX51bsyXfkWh6QENfoC1qGM7CquWNGaXFzj8nJEgrTGMXu0_eZoi1cEz3qJ-o',NULL,6,4,NULL,77,943,0.0,0,1,'2026-04-23 16:50:29','2026-04-23 16:50:29'),(128,'Chuột không dây HP Tilt Ergonomic 720M A/P BH7N4AA (Pink)','260301644','- Kết nối: Bluetooth\n- Số nút có thể lập trình: 6\n- Độ phân giải lên đến 6000 dpi\n- Phạm vi không dây: tối đa 10m khi không vật cản',1599000,1701064,'https://lh3.googleusercontent.com/Rzgug-HDGEp6XNst9tl6vpnFtRHz-2NDdzGj-jJVqK7RCEb9lg_LZdZOAG_8GI7bD07QDBrXGMmF1cqHhG2GCinseUGKhBnT',NULL,6,4,NULL,37,61,0.0,0,1,'2026-04-23 16:50:29','2026-04-23 16:50:29'),(129,'Bàn phím cơ Gaming không dây MCHOSE G75 Pro Matcha Latte Switch G75-12A (Arctic Snow)','260301646','- Bàn phím cơ\n- Kết nối: Bluetooth, 2.4 GHz Wireless, USB Type-C\n- Switch: Matcha Latte Switch\n- Phím chức năng: Có',1249000,NULL,'https://lh3.googleusercontent.com/tZXt-SGBUtBcF5mzX3E0v54yGnRn3A76KoxNSjE-ENbgItoIQjlVK_N2b43SuGA1wwFl_GYhqzzyR10vd-IZ8jdeBzhm9x0s',NULL,7,16,NULL,23,515,0.0,0,1,'2026-04-23 16:50:29','2026-04-23 16:50:29'),(130,'Chuột Gaming không dây MCHOSE A7 V2 Ultra Plus MC-A7V2-12 (Black)','260301630','- Kết nối: Bluetooth, 2.4GHz Wireless, Type C\n- Cảm biến PAW3950 TI\n- DPI tối đa: 42.000 DPI\n- Công tắc cơ học Omron (100 triệu lần nhấn)',1850000,2434211,'https://lh3.googleusercontent.com/Ye2gpszmseWpAdSkvSPFNAIPlVBL1cgvGo2CRW8TrsqGzbpaUSCCTu_5V-zchONO18qBacVRue0j5Qi7xMw8vdbw7iJ37NxP0Q',NULL,6,16,NULL,38,439,0.0,0,1,'2026-04-23 16:50:29','2026-04-23 16:50:29'),(131,'Chuột Gaming không dây DAREU EM950T (Trắng)','260202543','- Kết nối: Bluetooth, 2.4 Wireless, có dây\n- Cảm biến: DareU AIM-WL\n- DPI tối đa: 12000 dpi\n- Kích thước: 12.3x6.4x3.9cm',489000,NULL,'https://lh3.googleusercontent.com/Kfw6sv5UT13HghjdAnepwNbkq__c32siaIb1RqgP4NbS52fYgTzNmsZGwNxWeuvmA0294g8YOHdOS62Lj4k8glyGi0zurDH6',NULL,6,17,NULL,64,786,0.0,0,1,'2026-04-23 16:50:29','2026-04-23 16:50:29'),(132,'Chuột Gaming không dây DAREU EM911T (Đen)','260202544','- Kết nối: 2.4GHz Wireless, Bluetooth, có dây\n- DPI tối đa: 8000dpi\n- Cảm biến: PAW3104\n- Switch: DareU (50 triệu lần click)',379000,NULL,'https://lh3.googleusercontent.com/vEOrf0coZ3JMeOjjBIy6mqjzlkDKPg3IhxhPYXtnWtibQyo4ugMgt1x0p5H091AMtpUB04ksusAGnwAdD45t3eYh6awM189T',NULL,6,17,NULL,99,593,0.0,0,1,'2026-04-23 16:50:29','2026-04-23 16:50:29'),(133,'Bàn phím cơ Gaming không dây AULA L99 (Xám đậm + Trắng + Xanh dương)','260202537','- Bàn phím cơ\n- Kết nối: Bluetooth, USB Type-C, 2.4 GHz Wireless\n- Switch: Raindrop switch\n- Phím chức năng: Có',2599000,2953409,'https://lh3.googleusercontent.com/RdLfM4mOirBPTousyXvO6BUkRZfBkWlBrnv-cPLozIF9Fn2JnKJ7_q3W_fJgDXpgcGZ03AP2IZ-Q9NQpAKFUn3L5p78S4GM',NULL,7,18,NULL,58,209,0.0,0,1,'2026-04-23 16:50:29','2026-04-23 16:50:29'),(134,'Chuột không dây Rapoo M1 (Đen)','260202538','- Màu sắc: đen\n- Kết nối: 2.4GHz Wireless\n- DPI tối đa: 1600dpi\n- Phạm vi hoạt động lên đến 10 m',99000,117857,'https://lh3.googleusercontent.com/0k-FO0zPm53ABI3A5pjx8pDP3YLEU4ZdUQzxkSbiCxJTsalNTagnLbbEQCada-iDU66HKNAEvNsnTMrcAKfxil6gAkFnpFSp',NULL,6,19,NULL,43,273,0.0,0,1,'2026-04-23 16:50:29','2026-04-23 16:55:54'),(135,'Bàn phím cơ Gaming có dây Corsair VANGUARD 96 MLX Pulse CH-91E921I-NA (Trắng đen- Dual Tone)','260201532','- Bàn phím cơ\n- Kết nối: USB\n- Switch: CORSAIR MLX Pulse\n- Phím chức năng: Có',4150000,4715909,'https://lh3.googleusercontent.com/dSHoznWKLhDDZh8qn3u4Okz0CSbRCB94Z1tHFDVXSQODgpHyrlP-jEJLNGsiIY5aoRpX6PRfyC7g8PN0sysVU9VxU9L8aBGrRQ',NULL,7,20,NULL,15,877,0.0,0,1,'2026-04-23 16:50:29','2026-04-23 16:50:29'),(136,'Chuột Gaming không dây Corsair SABRE v2 PRO Magnesium CH-931G101-WW (Trắng)','260201535','',3850000,4529412,'https://lh3.googleusercontent.com/9zC2d0nAKpvrrk-0D0P1ujhFIPpS3uL04ctzKzuuG1Mnb9Fk6XkgF1Bz93Gf_uRuKrOGDwss2n-xnGq8jD8R72ARqODhpgaI',NULL,6,20,NULL,92,518,0.0,0,1,'2026-04-23 16:50:29','2026-04-23 16:50:29'),(137,'Bàn phím cơ Gaming có dây Corsair VANGUARD 96 MLX Quantum CH-91E901H-NA (Đen)','260201526','- Bàn phím cơ\n- Kết nối: USB\n- Switch: CORSAIR MLX Quantum\n- Phím chức năng: Có',3950000,NULL,'https://lh3.googleusercontent.com/64fSfbzEPCszK3uj1Jt-H1IthsKy7q5y7cp5DnZK-xf2EJpcy6LoY2g6r05OJLlBm9SFjiteCYbAGSbBFsLlGPj-QXpDxn3L',NULL,7,20,NULL,47,60,0.0,0,1,'2026-04-23 16:50:29','2026-04-23 16:50:29'),(138,'Bàn phím cơ Gaming có dây Corsair K70 CORE TKL CH-911911E-NA (Đen)','260201519','- Bàn phím cơ\n- Kết nối: USB\n- Switch: CORSAIR MLX Red\n- Phím chức năng: Có',2180000,2395604,'https://lh3.googleusercontent.com/fTrR0KnHe9mbPfVTlxqxEgy80HVSkL8izZKHCKi4H4x03WOK1JXuAkuD8twfp4iXGJyRoioSdAHlmE2TuJ1eCEkX_VS7ntLxXQ',NULL,7,20,NULL,33,975,0.0,0,1,'2026-04-23 16:50:29','2026-04-23 16:50:29'),(139,'Chuột Gaming không dây Corsair SABRE v2 PRO UltraLight CH-931G001-WW (Trắng)','260201521','',2580000,3225000,'https://lh3.googleusercontent.com/gvTq5M9q7e0YB8LQCL-2RmhaqarEwPULrQ18wqjEt2Dy8N-7FYglYni6JnczL5aXg4mstI13y52UhCIgaYyN5Va5qe7RajE',NULL,6,20,NULL,86,602,0.0,0,1,'2026-04-23 16:50:29','2026-04-23 16:50:29'),(140,'Bàn phím cơ Gaming có dây Corsair GALLEON 100 SD MLX PULSE CH-912A31I-NA (Đen)','260201514','- Bàn phím cơ\n- Kết nối: USB\n- Switch: CORSAIR MLX Pulse\n- Phím chức năng: Có',8490000,NULL,'https://lh3.googleusercontent.com/ZCADNIi58d83Dzp4y1kvg9k3YtUmekpcry2ziH1pdfKfsm5zke5ewsW2pw6vDAo_f3LX9RRdzLjREzWjM9UOZ7MnCbCeLGF2',NULL,7,20,NULL,49,965,0.0,0,1,'2026-04-23 16:50:29','2026-04-23 16:50:29'),(141,'Chuột Gaming không dây Corsair IronClaw SE RGB CH-9317110-WW (Đen)','260201506','Thiết kế bất đối xứng tiện dụng 10 nút lập trình được&nbsp;\nKết nối ba chế độ (2.4GHz, Bluetooth®, USB-C)&nbsp;\nCảm biến CORSAIR MARKSMAN chính xác 26K DPI&nbsp;\nTay cầm bên hông có vân tạo cảm giác thoải mái&nbsp;\nThời lượng pin lên đến 285 giờ (không bật đèn nền) qua mạng 2.4GHz',2150000,NULL,'https://lh3.googleusercontent.com/y5ub1TrQMcnbRntZyGcBAgIfJDyCWTCKulTNz4hrpQTOdgA1CSpishsu3UjEMhY5wtCsZIYPJBFafVkbJV1BNf4L4BHW0-Dz',NULL,6,20,NULL,83,718,0.0,0,1,'2026-04-23 16:50:29','2026-04-23 16:50:29'),(142,'Chuột Gaming không dây Corsair SCIMITAR ELITE SE CH-9314011-AP (Trắng)','260201507','Chuẩn kết nối: Wireless 2.4GHz, BluetoothSạc nhanh; 16 nút tùy chỉnh; Tạo nhiều bộ Stream Deck ảoTrọng lượng: 114gCảm biến: CORSAIR MARKSMAN S Optical SensorPhần mềm: iCUE Software',3380000,3714286,'https://lh3.googleusercontent.com/qeecWchnCxYPt_DepUcNMnJ5IhMA8Il_yUe7HyCACkBUfs1b3fsF0-q27vjl2bid7LBvFOreOhAldiHkQQCNrMaA2i43q2Tj',NULL,6,20,NULL,73,165,0.0,0,1,'2026-04-23 16:50:29','2026-04-23 16:50:29'),(143,'Bàn phím cơ Gaming có dây Corsair MAKR PRO 75 MGX v2 CH-91CE21G-NA2 (Đen)','260201508','- Bàn phím cơ\n- Kết nối: USB\n- Switch: CORSAIR MGX V2\n- Phím chức năng: Có',6499000,8023457,'https://lh3.googleusercontent.com/lpHl_TTsYxlfD4CXxVBkfrzZa5nLn-pdw-tHTgaeRd9oInTUdWgF_VA63Y1vI-CXkX5Q-X3Vlu5CbkVzXouKdkhlb9iz56Q',NULL,7,20,NULL,21,544,0.0,0,1,'2026-04-23 16:50:29','2026-04-23 16:50:29'),(144,'Lót chuột Corsair MM500 v2 Extended CH-941B141-WW','260201495','Chất liệu:&nbsp;Vải dệt siêu mịn, chống thấm nướcMặt đế bằng cao su có vân chống trượtKích thước:&nbsp;930mm x 300mmĐộ dày: 3mmLớp phủ chống tràn và chống bám bẩn giúp chất lỏng dễ dàng trượt khỏi bề mặt',2090000,NULL,'https://lh3.googleusercontent.com/7MaM0hbSPRKwkqPA4nb_4n3uooNaKNCh2crkjayE6L48uxihghYClaNnBJvzH3B0C4KsLSe0ZTmNWaNCfAVPuqcw2UiaR1U',NULL,6,20,NULL,84,208,0.0,0,1,'2026-04-23 16:50:29','2026-04-23 16:50:29'),(145,'Chuột Gaming Không Dây Corsair M55 CH-931F000-AP (Đen)','260201501','Chuẩn kết nối: Wireless 2.4GHz, BluetoothThiết kế chuột: Đối xứngKích thước: 118 x 62 x 38 mmTrọng lượng: 85gCảm biến: Optical SensorPhần mềm: iCUE Software',1150000,NULL,'https://lh3.googleusercontent.com/_PRKVL9RkW-YUDFS0TAcH3zRzjOCVbTzHyfkxMJHSpzWiqNuDc6YU9dl9WvT-SUwoL47z8RT_6Mjo49EDyXNrJWNlC9U2ZhC',NULL,6,20,NULL,78,253,0.0,0,1,'2026-04-23 16:50:29','2026-04-23 16:50:29'),(146,'Chuột Gaming không dây Corsair SABRE v2 PRO Carbon Fiber CH-931G200-WW (Đen)','260201491','Chuẩn kết nối: Wireless, Wired USB-A, BluetoothThiết kế chuột: Đối xứngKích thước: 122.9 x 64.1 x 38.8mmTrọng lượng: 56gCảm biến: CORSAIR MARKSMAN Optical SensorPhần mềm: CORSAIR Web Hub',4950000,6111111,'https://lh3.googleusercontent.com/qY1VO2PxY8hpZivNEgfVY7sXC_UyaFZpcuP63XWPHBfKzz6zjoqUo_BgvFVuIrdJTtU4QYSQT1Guhlxw1LRMmmyp72AtY5E',NULL,6,20,NULL,16,244,0.0,0,1,'2026-04-23 16:50:29','2026-04-23 16:50:29'),(147,'Bàn phím cơ Gaming có dây Corsair VANGUARD PRO 96 MGX Hyperdrive CH-91E911G-NA (Đen)','260201493','- Bàn phím cơ\n- Kết nối: USB\n- Switch: CORSAIR MGX V2\n- Phím chức năng: Có',5380000,6255814,'https://lh3.googleusercontent.com/_Gw032yq0YbEYHWDfuvyAPnI_KZb0VgA4BqcaCLyVBQqJ9DPruHzWavmp9qVfQxuNbk16Xa2hNNeSk-gpYWuopo3HONkhVw',NULL,7,20,NULL,34,660,0.0,0,1,'2026-04-23 16:50:29','2026-04-23 16:50:29'),(148,'Chuột Gaming Không Dây Razer Viper V3 Pro SE RZ01-04550100-R3A1 (Đen)','260106728','- Thiết kế siêu nhẹ 54g\n- DPI tối đa: 35000DPI\n- Số nút có thể lập trình: 6\n- Cảm biến quang học Razer™ Focus Pro 35K Gen-2\n- Công nghệ không dây Razer™ HyperSpeed',2360000,NULL,'https://lh3.googleusercontent.com/4rvVNUAkiKrYgmMDBn748ZG8pQk6TBaF38H86g8M2dyptIlhFYaa93heSf2CcZ8KNiZ6iyXDb5a5TqjlTGmJA0hLO6gSkBs',NULL,6,11,NULL,90,230,0.0,0,1,'2026-04-23 16:50:29','2026-04-23 16:50:29'),(149,'Chuột không dây Rapoo M308S Silent (Hồng)','260106725','- Thiết kế đối xứng\n- Kết nối: Bluetooth 5.0, 2.4GHz Wireless\n- DPI tối đa: 2400DPI\n- Nút bấm êm ái',249000,NULL,'https://lh3.googleusercontent.com/ibkLdkweBTbPLMXfim5j632E6UVODHyaD_-NE7wXv5u10cQ5-lZq2IEERIEeCuAZ2ZRIQRbX3-B0W_ZkHMMMpP5Av4v3EYYS4g',NULL,6,19,NULL,85,321,0.0,0,1,'2026-04-23 16:50:29','2026-04-23 16:50:29'),(150,'Bàn phím không dây Targus Antimicrobial AKB869AP (Đen)','260105709','- Bàn phím thường\n- Kết nối: Bluetooth 5.2\n- Phím chức năng: Có',399000,NULL,'https://lh3.googleusercontent.com/IATCKK3t6wRAdJZzXbFKugysFD_zc-eM9TvY5zO-BCQ0g3yLT34hSurjWsze46iJaF16D7y-9x-AulQP3jDtGGFA_5CHDwjq',NULL,7,21,NULL,70,601,0.0,0,1,'2026-04-23 16:50:29','2026-04-23 16:50:29'),(151,'Bàn phím không dây Targus EcoSmart Solar AKB868AP (Đen)','260105703','- Bàn phím thường\n- Kết nối: Bluetooth 5.0\n- Phím chức năng: Có',999000,NULL,'https://lh3.googleusercontent.com/uXi7VuPKnIi8sj0sBNvjBh4eM8vc-qzq87nYNJExGRMZowX60Si4Vyc8_qxOBv12bihQnxlrURnVFb4TPpfk3uzcdRA2S6x98Q',NULL,7,21,NULL,66,241,0.0,0,1,'2026-04-23 16:50:29','2026-04-23 16:50:29'),(152,'Chuột Gaming Không Dây MCHOSE M7 Ultra MC-M7-9 (Đen)','260102098','- Trang bị cảm biến PAW3950\n- Độ nhạy lên đến 42.000 DPI\n- Kết nối: Type C, 2.4GHz\n- Công tắc quang học Omron\n- Công nghệ không dây TOPSPEED\n- Lớp phủ kính siêu trượt cao cấp',1349000,1450538,'https://lh3.googleusercontent.com/FpwvQxcX7brwQhp9ygX1sBUnyYydN7Phex506AQftGgRC83uXlcTVpzCK0uO2yFwwJSdHmCTfjhIY0090nTjy5t59Pw68to',NULL,6,16,NULL,33,309,0.0,0,1,'2026-04-23 16:50:29','2026-04-23 16:50:29'),(153,'Bàn phím cơ Gaming Không Dây MCHOSE G75 Pro G75-4A (Xanh dương)','260102051','- Bàn phím cơ\n- Kết nối: Wireless, USB Type-C, 2.4 GHz Wireless\n- Switch: Cabbage Tofu Switch\n- Phím chức năng: Có',1199000,1462195,'https://lh3.googleusercontent.com/4KYM7q_lxJvE1tw42ruRW3yMCUINnnZFnVAADr3IHrPlpE6qsfaTJUS0btscg17z3d5rymDH6BRhGkSgh5Wyzsn9f99gC-9wrQ',NULL,7,16,NULL,28,461,0.0,0,1,'2026-04-23 16:50:29','2026-04-23 16:50:29'),(154,'Chuột Gaming Không Dây MCHOSE A7X Ultra MC-A7X-2 (Đen)','260102052','- Trang bị cảm biến PAW3950TI\n- Công tắc quang Omron\n- Kết nối ba chế độ\n- Độ nhạy lên đến 42.000 DPI\n- Lớp vỏ hợp kim magie lớn và thiết kế đáy mở\n- Hỗ trợ lấy mẫu kép 8K và công nghệ không dây TOPSPEED',2799000,NULL,'https://lh3.googleusercontent.com/NqF48eeJdWtNtlJKuQlSpE7b_Z9bO4xOOgK5FMekJXA1N2hD_QafxE5NqdCIywwASQMrDFtT2q4G_q8J4Nm8wFuOHmDdyKuypw',NULL,6,16,NULL,71,785,0.0,0,1,'2026-04-23 16:50:29','2026-04-23 16:50:29'),(155,'Chuột Gaming Không Dây MCHOSE G3 V2 HW-G3V2-5 (Đen)','260102047','- Trang bị cảm biến PAW 3311\n- Công tắc cơ học Omron (100 triệu lần nhấn)\n- Kết nối: Có dây, 2.4GHz, Bluetooth\n- Độ phân giải lên đến 26.000 DPI\n- Công nghệ không dây TOPSPEED',445000,NULL,'https://lh3.googleusercontent.com/l9FkSmHbS2pmsPOs6x66sUkpmwlcjoWgBsbENEXSvzgTuT0WK-o1syuXArJHsOqEM-D_xXY6A2nriCtNMfqdDH24M2DG_bFY',NULL,6,16,NULL,80,69,0.0,0,1,'2026-04-23 16:50:29','2026-04-23 16:50:29'),(156,'Chuột Gaming không dây Fuhlen G90W Pro (Trắng)','251211504','- Kết nối 3 chế độ: Type-C, 2.4G, Bluetooth\n- Cảm biến PAW 3311, DPI lên đến 12000\n- Optical Micro Switch, khả năng chống double click cực cao\n- Dải LED RGB nổi bật, đèn RGB 16,8 triệu màu\n- Gồm 6 nút thao tác linh hoạt\n- Pin lithium 600mAh',579000,NULL,'https://lh3.googleusercontent.com/TqsZk59Cy7Ej1zLloVruqRV-DfXcaMK6_r05FI2fIdXhVECURLTaNPdLYCe9u8k9q0kb5pDjbK1DV2y0sVTyjpHWtvINyoCf',NULL,6,15,NULL,96,480,0.0,0,1,'2026-04-23 16:50:29','2026-04-23 16:50:29'),(157,'Bàn phím cơ Gaming có dây AULA S2022 Pro (Đen)','251211500','- Bàn phím cơ\n- Kết nối: USB 2.0\n- Switch: Red Switch\n- Phím chức năng: Có\n- Đèn nền: LED Rainbow\n&nbsp;',499000,NULL,'https://lh3.googleusercontent.com/dKvxAuKT3UqO5vYc_AejqaNeg9A3gU4xWfERzLfNQdmE_8l2G4oHvXeqgRWJ4w1oevsRDdI4u6d-GvEcZH5HgGx-XgUH7aRE',NULL,7,18,NULL,99,384,0.0,0,1,'2026-04-23 16:50:29','2026-04-23 16:50:29'),(158,'Chuột Gaming có dây Fuhlen G90L Pro (Đen)','251211498','- Kết nối: USB\n- Cảm biến PAW 3327\n- Tốc độ di lên đến 12400DPI\n- Kiểu switch: Optical Micro Switch\n- Nâng cấp dải LED RGB nổi bật\n- Gồm 6 nút thao tác linh hoạt',479000,NULL,'https://lh3.googleusercontent.com/4AFG7_DOrCy_LTZRnRqFC3xtJSeBcR7h7ZClMYgUH8UuxYFNN4MbOjVbOkDqteaAwXfi43mqvS4r4yrSZoeTw14UeN3SKKGfBA',NULL,6,15,NULL,70,404,0.0,0,1,'2026-04-23 16:50:29','2026-04-23 16:50:29'),(159,'Chuột Gaming Không Dây ATK Dragonfly A9 (Đen)','251211486','- Kết nối: NearLink, Bluetooth, có dây\n- Cảm biến PAW3395SE\n- Switch chính: Huano Blue Glow V2\n- Khối lượng: 53g',549000,NULL,'https://lh3.googleusercontent.com/vWvF-5yvtLvF4V2paDCQ-ZD_DX_aDtFEnBcez3jRcVcNBVvupo74j4Rqf8bh8JCzt4JN2GOgJ8yErZNdmHrALKPck2fuacTr',NULL,6,22,NULL,40,151,0.0,0,1,'2026-04-23 16:50:29','2026-04-23 16:50:29'),(160,'Chuột Gaming Không Dây ATK Dragonfly A9 SE (Đen)','251211481','- Kết nối: NearLink, Bluetooth, có dây\n- Cảm biến PAW3311\n- Switch chính: Huano Blue Glow V2\n- Khối lượng: 53g',449000,NULL,'https://lh3.googleusercontent.com/bijnakZVAAJePvKBRLts1bTi08EKuiBianX1H16IRpL03naw6IHRUx4CLhKI6hgau5bOoZu87RYMQ1x5LZtDcTt_8H-m4ttv',NULL,6,22,NULL,42,990,0.0,0,1,'2026-04-23 16:50:29','2026-04-23 16:50:29'),(161,'Chuột không dây HyperWork Macro HPW-MS02-BLK (Đen)','251208409','- DPI tối đa: 6000dpi\n- Số lượng nút: 9\n- Cảm biến PixArt\n- Kết nối: Bluetooth 5.1, Receiver 2.4G, USB\n- Sử dụng switch Silent Huano\n- Màn hình điện tử được tích hợp bên thân chuột',699000,896154,'https://lh3.googleusercontent.com/0szrOF89Wl5iPyOERtqr8nPyImYf5sIQQCmM4d1tKyEm_octqrq9VXtbeJW40JuMj4_2ep_DUH-SgTVx3Vo0-FK9fb5JWvkeNQ',NULL,6,23,NULL,30,319,0.0,0,1,'2026-04-23 16:50:29','2026-04-23 16:50:29'),(162,'Chuột không dây Logitech MX Master 4 for MAC 910-007578 (Trắng bạc)','251208401','- DPI tối đa: 8000dpi\n- Số lượng nút: 8\n- Kết nối: Bluetooth 5.1\n- Công nghệ cảm biến: Darkfield có độ chính xác cao',2779000,NULL,'https://lh3.googleusercontent.com/SVD_rCtIT0lnivMIxngx81VGqLEyi7IWARMrsYbVAuKUmBMk6FeZ9NNwUAX2NHSKtZhjclOrFBaxxrsneJh2sslqmNI1fKk-',NULL,6,13,NULL,90,553,0.0,0,1,'2026-04-23 16:50:29','2026-04-23 16:50:29'),(163,'Bàn phím cơ Gaming không dây AULA F87 PRO V2 (2667)','251207554','- Bàn phím cơ\n- Kết nối: Bluetooth, 2.4 GHz Wireless, USB Type-C\n- Switch: Meteor Ice Cream Switch\n- Phím chức năng: Có',1899000,NULL,'https://lh3.googleusercontent.com/F5A3TsOO79i9ygrzUiliiNxiNGVEMQrBHNn1P4Lg_mgp_TXPbW9sWDNj_r42Hp3BAfBaRpY5_v0G_3XG2G992XKoZJPh8Sc',NULL,7,18,NULL,35,398,0.0,0,1,'2026-04-23 16:50:29','2026-04-23 16:50:29'),(164,'Chuột Gaming không dây Razer DeathAdder V3 Pro RZ01-04630200-R3A1 (Trắng)','251203032','Chuẩn kết nối: Razer HyperSpeed Wireless (2.4 GHz), Wired USB-AThiết kế chuột: Công thái họcKích thước: 128 x 68 x 44 mmTrọng lượng: 64gCảm biến: Quang học Razer Focus Pro 30KPhần mềm: Razer Synapse 4',2140000,NULL,'https://lh3.googleusercontent.com/YbVe9lu2Bek2au5lCKZ0yzAMWdItpliaImrHXjMSde077G2sFLSZHolUIABiDvrsUDUCSCsZoUzezGSiveo1aBKScCi5Oksa',NULL,6,11,NULL,21,488,0.0,0,1,'2026-04-23 16:50:29','2026-04-23 16:50:29'),(165,'Chuột không dây DAREU LM135D Silent - Dual Mode (Đen)','251202934','- Kết nối chuột: Bluetooth, 2.4 GHz Wireless\n- Kiểu cầm chuột: Ambidextrous / Đối xứng\n- Switch chính: Silent\n- DPI tối đa: 1200DPI\n- Số nút bấm: 3',259000,NULL,'https://lh3.googleusercontent.com/QoFs4Du3njgDwbiHBZ4EfGzL5QdPJuNwYDzIAbVH_g-o2yJqapfCRtWP5O-iYoc1mE2qI_YwMfr98xO5YTuqDLe8kW4zks0tiQ',NULL,6,17,NULL,68,455,0.0,0,1,'2026-04-23 16:50:29','2026-04-23 16:50:29'),(166,'Chuột Gaming không dây DAREU EM950T','251202935','- Kết nối chuột: 2.4 GHz Wireless, Bluetooth, USB\n- Switch chính: DareU Switch\n- Số nút bấm: 5\n- DPI tối đa: 12000dpi\n&nbsp;',489000,582143,'https://lh3.googleusercontent.com/dwDFSbzVoxhlochPg9rY5ahiF-hlpnPKDDjaxp4IQSvJt5X3fmcEYAH0-_ia4BoVTtErN6yHgTDDY6br79Pz0JXBZKHKDh_e',NULL,6,17,NULL,21,939,0.0,0,1,'2026-04-23 16:50:29','2026-04-23 16:50:29'),(167,'Chuột không dây DAREU LM135G Silent (Trắng)','251202927','- Kết nối chuột: 2.4 GHz Wireless\n- Kiểu cầm chuột: Đối xứng\n- DPI tối đa: 1200DPI\n- Số nút bấm: 3\n- Kiểu switch: Silent',199000,242683,'https://lh3.googleusercontent.com/5bl32kocRa-pYc9kanXeHCbY31H57EgDcbBh28YcBOelkMmu5_M47vSEC475vjqvRY3ZUA7DXjBtksrMzmue4xR9brM3POA',NULL,6,17,NULL,65,458,0.0,0,1,'2026-04-23 16:50:29','2026-04-23 16:50:29'),(168,'Bàn phím cơ Gaming không dây Keychron Black Myth Wukong – Deluxe Edition WKD-21 (Đen)','251202929','- Bàn phím cơ\n- Kết nối: Bluetooth 5.2, 2.4 GHz Wireless, USB Type-C\n- Switch: TTC Merchanical Golden Pink\n- Phím chức năng: Có',5990000,NULL,'https://lh3.googleusercontent.com/6WM2zzoBhj7vFkT4S7zj5_r3CwljuEILIrwubrDX0g9B6pCay0I-NSsdTz_7SRVd9cB1UgrLM8vVCPnXZcr7EElkQXPD-TFq',NULL,7,14,NULL,44,967,0.0,0,1,'2026-04-23 16:50:29','2026-04-23 16:50:29'),(169,'Bàn phím cơ Gaming có dây AULA AG60 PRO (Xám)','251113496','- Bàn phím cơ\n- Kết nối: USB 2.0\n- Đèn nền: LED RGB\n- Phím FN đa chức năng\n- Switch: Aether Magnetic Switch',3499000,3976136,'https://lh3.googleusercontent.com/5MjhbF2iYvv8KD_QD0e7b49C_JgQYZkitUUYeGsIm4BlkG3KDG3vTWaxiYe4udzMAUeJK57uMVHd_gKr_1H2NHzqB84gC1pG',NULL,7,18,NULL,14,373,0.0,0,1,'2026-04-23 16:50:29','2026-04-23 16:50:29'),(170,'Bàn phím cơ Gaming DAREU EK75 PRO Cloudy Aqua (Đen Xám)','251111625','- Bàn phím cơ\n- Kết nối: Bluetooth, 2.4 GHz Wireless, USB Type-C\n- Switch: Dream switch\n- Phím chức năng: Có',699000,NULL,'https://lh3.googleusercontent.com/LBxHSI_3IJXFEfRkmHj6PildHOnrsIx7BwT8ZG7OKtRLHrjCI1rd7MRPtR-GBHxlY4tv2zsJHDw5Afxlh_HD-S-IaIUfSIBf',NULL,7,17,NULL,10,182,0.0,0,1,'2026-04-23 16:50:29','2026-04-23 16:50:29'),(171,'Bàn phím cơ Gaming có dây Newmen GM328 Plus','251107186','- Bàn phím cơ\n- Kết nối: USB Type-C\n- Switch: Blue Switch\n- Phím chức năng: Có',899000,1033333,'https://lh3.googleusercontent.com/9biIqbXl7nSj3A3C1l6WKajy3Q7fjt_Vztw7Gj_RYHZlsAfq2d_JLmaxUqgvyWB5rskW6xWg2fC4gEqMSvxKrlYPM0_m3q9j7Q',NULL,7,24,NULL,73,780,0.0,0,1,'2026-04-23 16:50:29','2026-04-23 16:50:29'),(172,'Bàn phím cơ Gaming có dây Razer Huntsman V3 Pro Tenkeyless - CS2 Counter-Strike 2 Edition RZ03-04982100-R3M1','251103304','- Bàn phím cơ\n- Kết nối: USB Type-C\n- Switch: Analog Optical Switch Gen-2\n- Phím chức năng: Có',5450000,NULL,'https://lh3.googleusercontent.com/zMJewapmIAGnz490weqEklnd41-jKPAJNu8m0v30mdx0WzAEcjS3U6-pmNoYYaoDXrPjjJHnIcJJPngZPtQRCEN-S5PZaOCwyg',NULL,7,11,NULL,56,979,0.0,0,1,'2026-04-23 16:50:29','2026-04-23 16:50:29'),(173,'Chuột Gaming không dây Razer Viper V3 Pro - CS2 Counter-Strike 2 Edition RZ01-05120800-R3M1','251103297','Thiết kế siêu nhẹ 54gKết nối: Razer HyperSpeed Wireless, WiredDPI tối đa: 35000DPICảm biến quang học Razer Focus Pro 35K Optical Sensor Gen-2Công nghệ Razer HyperPolling 8K Hz',4270000,5271605,'https://lh3.googleusercontent.com/8v7nqgTNfiLvAsDNmNOt1KkJH-ZyWg3DY-PkIbDjxbqCI1Y-p_bb-zKgcq_F1EkJ4QNLNBLHt6AhW_RxDMs4xJsPM48rPcLX',NULL,6,11,NULL,81,191,0.0,0,1,'2026-04-23 16:50:29','2026-04-23 16:50:29'),(174,'Lót chuột Gaming Razer Gigantus V2 Soft - CS2 Counter-Strike 2 Edition RZ02-03333300-R3M1','251103291','Màu sắc: Counter-Strike 2 EditionChất liệu: Vải, đế cao suKích thước: Large (450 x 400 x 3mm)Độ dày: 3mm',1090000,NULL,'https://lh3.googleusercontent.com/kmC5yfpUrUr6z4bWFEd2kToaKNgwpa_76_vtD_UEGhHiQetEIz21EKr5IZvnU07_gJjKxgtPcCZ0xVaBOZK0Cb0KQQiLBd8',NULL,6,11,NULL,30,33,0.0,0,1,'2026-04-23 16:50:29','2026-04-23 16:50:29'),(175,'Chuột không dây MicroPack Silent MP-712W (Đen)','251102065','Loại chuột Chuột không dâyKết nối chuột RF 2.4GHzDPI tối đa 1200DPISố nút bấm 3Pin 1 x Pin AAKích thước 100.3 x 58.5 x 37.8 mmKhối lượng 54.4g',179000,NULL,'https://lh3.googleusercontent.com/fBK_ldY5yGfXpAOH-760JHQIExmRLFnP1r8QoOcm0ZjAAWRyG5QQFIlGTn1vX_I-3FqeJR52G4WTkkZYFYHjZW4R1DlB-lk',NULL,6,25,NULL,20,890,0.0,0,1,'2026-04-23 16:50:29','2026-04-23 16:50:29'),(176,'Chuột không dây MicroPack Lifestyle Silent MS-201W (Hồng)','251102016','Loại chuột Chuột không dâyKết nối chuột Bluetooth 5.0, Bluetooth 3.0, RF 2.4GHzDPI tối đa 4000DPITên cảm biến Cảm biến quang họcSố nút bấm 4Pin 1 x Pin AAKích thước 104 x 66 x 40 mm',599000,NULL,'https://lh3.googleusercontent.com/PJhWcm6x5pMLt9unnajC65_QyzC1i6-7IuSoZUjvKZRqhbwD0xFDBEmu9OLk9sySHVDIi0TpDE1D1553yGz3L_zL0z5REak',NULL,6,25,NULL,22,907,0.0,0,1,'2026-04-23 16:50:29','2026-04-23 16:50:29'),(177,'Bàn phím không dây Logitech Signature Slim Solar+ K980 920-013765 (Graphite - Than chì)','251017422','- Bàn phím thường\n- Kết nối: Bluetooth, 2.4 GHz Wireless\n- Phím chức năng: Có',2370000,NULL,'https://lh3.googleusercontent.com/oiOznfuAjZwYofbQeY4rP_Sg3IeNnSXKoHiTboDVYLMCn4__7RQNeQN6iPaN-FaewyqcrKsD-yPynw6sfygZjj8-D1LggdKv',NULL,7,13,NULL,41,582,0.0,0,1,'2026-04-23 16:50:29','2026-04-23 16:50:29'),(178,'Bàn phím cơ Gaming không dây AULA S75 Pro (Xám + Đen Gradient)','251014071','- Bàn phím cơ\n- Kết nối: Bluetooth, 2.4 GHz Wireless, USB Type-C\n- Switch: Star Vector switch\n- Phím chức năng: Có',1399000,NULL,'https://lh3.googleusercontent.com/dzqwN2m4sFRlotoMJEKMy4DRs5Rq-JAu6J7R5W_DSXU5W-IvtFaJVbToQf8sA5r7Ey_3w6tyQASVSF5xtWmqu7i9KtFDRP9zGA',NULL,7,18,NULL,22,665,0.0,0,1,'2026-04-23 16:50:29','2026-04-23 16:50:29'),(179,'Bàn phím cơ Gaming AULA F75 Max 3 Mode (Xanh + trắng + tím) Reaper switch','251012481','- Bàn phím cơ\n- Kết nối: Bluetooth, 2.4 GHz Wireless, USB Type-C\n- Switch: Reaper switch\n- Phím chức năng: Có\n- Núm xoay đa chức năng\n- Màn hình hiển thị thông tin và hình ảnh',1399000,1727160,'https://lh3.googleusercontent.com/GdNFdDct2J_w4mxa_kcEgtGaQLmNNY9fttF5Na_8jAYVLMH7mF6EPYmW0BZvXKgxMvP2h-zi5iKGXVWGvg3QRX1XmYjiwc7rgg',NULL,7,18,NULL,15,250,0.0,0,1,'2026-04-23 16:50:29','2026-04-23 16:50:29'),(180,'Chuột không dây Rapoo MT760Mini (Xám Trắng)','251012468','- Thiết kế công thái học\n- Kết nối: Bluetooth 5.0, Wireless 2.4Ghz và USB\n- DPI tối đa: 4000dpi\n- Số nút bấm: 11\n&nbsp;',649000,NULL,'https://lh3.googleusercontent.com/C-xRNbxH3-idjnRVZn7sXLw-uTfGIxOWdEFrNzHOBfysrvUz8bQcnG99UIWsDv7chEvEz8Ftry9Frri-Ozy-5loAYSjXmuyEbA',NULL,6,19,NULL,25,316,0.0,0,1,'2026-04-23 16:50:29','2026-04-23 16:50:29'),(181,'Bàn phím cơ Logitech Alto Keys K98M 920-013584 (Đen Graphite)','251012459','- Bàn phím cơ\n- Kết nối: Bluetooth, 2.4 GHz Wireless, USB\n- Phím chức năng: Có',2290000,NULL,'https://lh3.googleusercontent.com/AzCgBy5Ou80VRD8x8mD2qFoejJt11XrU5xGFoa0IHKhmEF0lKY6TffY-QQvcBIl4ztIzynJUqr6UHbeKNqtKNN1BYMcTwFiI',NULL,7,13,NULL,92,640,0.0,0,1,'2026-04-23 16:50:29','2026-04-23 16:50:29'),(182,'Lót chuột M-02 R8','251012445','Chất liệu bề mặt: Cao su, Vải chống thấm nướcKích thước: 80 x 30 cmĐộ dày: 3mm',99000,116471,'https://lh3.googleusercontent.com/bzq6XXFtV8z254V_wFfcrY00HI5yz21zflMCQZNi3mNyjFxFojl5Dl0j_Lbxd6yY6elsAEYanyUh-etnt4UIJd2jDBC2WHX6',NULL,6,26,NULL,79,522,0.0,0,1,'2026-04-23 16:50:29','2026-04-23 16:50:29'),(183,'Ghế xoay E-Dra EGC238 Rabbit','251012431','Chất liệu: Da PVCĐệm: Đệm ngồi đúc nguyên khốiKê tay: ClassicPiston thủy lực: Class 3Góc đứng: 90° ± 2°Góc nằm max: 155°Đường kính chân: 55cmTrọng tải theo góc đứng: 120kgKhung chân: Hợp kimBánh xe: Được thiết kế không gây tiếng ồnBệ đỡ: Đa năng, có thể ngả',2589000,2725263,'https://lh3.googleusercontent.com/iqt_yPg3_hGcPKcOoplRmoCB2uf3OoGy2arZguwmnSLLJ8L0mjh7y1t4nVg2lNYET7YtuHqqtAbQEQLhUFY78BTyWFD7T9SY',NULL,10,9,NULL,15,172,0.0,0,1,'2026-04-23 16:50:29','2026-04-23 16:50:29'),(184,'Lót chuột K9010 (40x90x3)','251012432','Kích thước lót chuột: 40 x 90 x 0.3 cmChất liệu: Cao su vảiChống trượt hiệu quả , ít thấm nước',99000,NULL,'https://lh3.googleusercontent.com/UpCzwopdmWcc6SEbQiyhdPsk9TRXV7Sb5ael1V69rLCUhxMpEAdo9HV_q6wrrb_CqmPJ2Ev-U40wcSQuzq7Ed-1VTpMo5UI',NULL,6,27,NULL,16,512,0.0,0,1,'2026-04-23 16:50:29','2026-04-23 16:50:29'),(185,'Lót chuột MOFII MP081 50868 (Hồng)','251012418','- Thiết kế công thái học với kê tay giúp giảm mỏi cổ tay khi sử dụng lâu.\n- Bề mặt mịn, di chuột nhanh và chính xác\n- Đế cao su chống trượt, bám chắc trên mặt bàn\n- Dễ vệ sinh, chống thấm nước nhẹ\n- Kích thước: 230 x 190 x 25mm',79000,NULL,'https://lh3.googleusercontent.com/QCWIgLmLO76sHLvQK5LYRW5FyJeRhJ_MGVJSSzi03h9qwgjWyCBPlI5CHMjirDx6obg__Do5LvTK-R8VudqRTGmZnHoWcoU',NULL,6,28,NULL,14,516,0.0,0,1,'2026-04-23 16:50:29','2026-04-23 16:50:29'),(186,'Bàn phím cơ Gaming Razer BlackWidow V4 75% - Phantom White Edition (RZ03-05003500-R3M1)','251011303','- Bàn phím cơ\n- Kết nối: USB Type-C\n- Switch: Mechanical Switches (Tactile)\n- Phím chức năng: Có',4570000,5858974,'https://lh3.googleusercontent.com/dX_YIUqWfUufUCQvYoO_lGGSVDDFOsIeXLU9IdgivRgS5Cr5iwmR30sjHSEt_tDa4NHsWlYs876N2WI5z8vEMMI0sHUjoqQ',NULL,7,11,NULL,84,448,0.0,0,1,'2026-04-23 16:50:29','2026-04-23 16:50:29'),(187,'Lót chuột Razer Firefly V2 Pro - Phantom White Edition (RZ02-04920400-R3M1)','251011298','- Kích thước: 27.8 x 36 x 0.46 cm\n- Bề mặt được chiếu sáng toàn bộ bằng đèn nền\n- Kết cấu siêu nhỏ để theo dõi tối ưu\n- Cổng USB 2.0 tích hợp\n- Cáp USB Type C có thể tháo rời\n&nbsp;',2680000,3190476,'https://lh3.googleusercontent.com/sDB3EsN4-0w1GZraNbW_PixrgKoOmunmqUYTGbvmFEwZM_pfftuHLae577jU4pF-vbT0jXG0EfLnUtzdiIxkVh2lbvWttLY',NULL,6,11,NULL,78,758,0.0,0,1,'2026-04-23 16:50:29','2026-04-23 16:50:29'),(188,'Chuột Gaming không dây Razer Basilisk V3 Pro 35K - Phantom White Edition (RZ01-05240400-R3A1)','251011300','- Kết nối: Wireless, USB, Bluetooth\n- Cảm biến quang học Razer Focus Pro 35K gen 2\n- Số nút có thể lập trình: 11\n- Chiếu sáng Razer Chroma RGB\n- Switch: Optical Mouse Switches Gen-3',3780000,4500000,'https://lh3.googleusercontent.com/afPND5J14YQWazGB_LSDoUk_poojDh6U09HFz9D_DQeC4GyceQ-K9fLbuQmANWsxjqk_AbVDT6crrwI4ePuxSr7XTbsh7FFd',NULL,6,11,NULL,49,702,0.0,0,1,'2026-04-23 16:50:29','2026-04-23 16:50:29'),(189,'Bàn phím cơ Gaming không dây ASUS M704 ROG AZOTH X 90MP044G-BKUA30 (Storm Switch) (Trắng)','251005773','- Bàn phím cơ\n- Kết nối: Bluetooth 5.1, RF 2.4GHz, USB 2.0\n- Switch: Storm Switch\n- Phím chức năng: Có',6590000,NULL,'https://lh3.googleusercontent.com/AOg9yu3FPpn6Qtp3bOgb-CQ1fcl9K-XGIG1lCRgQ6mu1wD_8VmpwXEmE87HTCznWgHNpT07O8DcKDxidfw5dRcXG6srG-nsC',NULL,7,1,NULL,84,375,0.0,0,1,'2026-04-23 16:50:29','2026-04-23 16:50:29'),(190,'Chuột không dây Logitech MX Master 4 910-007565 (Đen - Graphite)','251005769','- Kiểu dáng độc đáo hỗ trợ cổ tay, bàn tay thoải mái nhất.\n- Sử dụng chuột mượt mà trên mọi bề mặt với độ phân giải cảm biến đến 8000 DPI.\n- Tính năng cuộn cực nhanh với nút cuộn MagSpeed\n- Trang bị đến 8 nút điều hướng, cá nhân hóa tối ưu qua ứng dụng cài đặt Logitech Options.\n&nbsp;',2890000,NULL,'https://lh3.googleusercontent.com/VLMrL_yU3LmRYhd3KliCV2lK_85RHAu2gc82jnmeYPB3ZOXBoi0HaqoedZZeYcLtQT9L2cLEvKA_CrlJf77HN5bffFUfyhI',NULL,6,13,NULL,88,523,0.0,0,1,'2026-04-23 16:50:29','2026-04-23 16:50:29'),(191,'Chuột không dây Ugreen M751 - 55375 (Đen)','251005764','Kết nối:Bluetooth 5.4 và USB 2.4GHz, hỗ trợ cùng lúc 3 thiết bị.Bánh xe cuộn siêu nhanh Hyper-fast và bánh xe phụ hỗ trợ cuộn ngang.Độ phân giải DPI: 1000 / 1600 / 2400 / 3200 / 5000 DPINút bấm: 5 nút + Bánh xe cuộn bênNút bấm im lặng, độ bền cao với tuổi thọ 5 triệu lần nhấn.Hệ điều hành tương thích: Windows 7/8.1/10/11, macOS 10.5 trở lên, Linux, Chrome OS, Android 5.0 trở lên&nbsp;',489000,NULL,'https://lh3.googleusercontent.com/ajcPbeNbGJd-2gReWPXO8geE7lQ5_HPMJK7pM4BUmasimFusEFuj2-YiFqUz0cKYwCMyQrA0XvyFcQFEfWNzsY_qucb0FP0',NULL,6,29,NULL,17,416,0.0,0,1,'2026-04-23 16:50:29','2026-04-23 16:50:29'),(192,'Chuột Gaming không dây Logitech Pro X Superlight 2C 910-007540 (Trắng)','251002000','Loại chuột Chuột không dâyKết nối chuột Lightspeed WirelessDPI tối đa 44000DPITên cảm biến HERO 2Số nút bấm 5Khả năng tương thích: Máy tính có Windows 10 trở lên và cổng USB 2.0',3190000,NULL,'https://lh3.googleusercontent.com/ZwSkT9UIhkx_s7Ox53PW6nBg0fvUxUJ6ghcEHUUI3UxEwie82fnIDtIKx0YOX_se7HbdfO9afKXnEjjLoa1xdW0yGgxku0iq',NULL,6,13,NULL,74,237,0.0,0,1,'2026-04-23 16:50:29','2026-04-23 16:50:29'),(193,'Chuột Gaming không dây Newmen GW9 Dualmode - Samurai (Trắng)','251001991','Chuột chơi game ba chế độCông tắc micro độ bền 50 triệu lần nhấnChip PAW33116 mức DPI: &nbsp;800 / 1600 / 3200 / 6400 / 12000 | Mặc định 1600 DPI4 mức polling rate: 125Hz / 250Hz / 500Hz / 1000HzKết nối: Wireless 2.4G / Bluetooth 5.1 / Có dây Type-C&nbsp;\n&nbsp;\n&nbsp;\n&nbsp;',699000,NULL,'https://lh3.googleusercontent.com/2hEIqqacGzSfqI7Au9nSyzN2OAnPVZvq9KFWz0Wk7JNYDlGuvPhmF1sAVRjnf6rTgXMw75UwXjCX_fVnFYrCHCENl7wqmXRHxQ',NULL,6,24,NULL,70,728,0.0,0,1,'2026-04-23 16:50:29','2026-04-23 16:50:29'),(194,'Bàn phím Không dây Keychron B6 Pro Ultra-Slim B6P-K9 (Deep Black)','250911696','- Bàn phím thường\n- Kết nối: Bluetooth 5.2, 2.4 GHz Wireless\n- Phím chức năng: Có',789000,1038158,'https://lh3.googleusercontent.com/MNxkq0m7iQI6123qteRhAzzNqc6fkhtz62JwzsfbhsBoovLwbjwB3x9-KLbcbClEZTXwIFH5H2hFUM_tKy3SBIhggNYe2In5Cg',NULL,7,14,NULL,21,524,0.0,0,1,'2026-04-23 16:50:29','2026-04-23 16:50:29'),(195,'Chuột Gaming không dây Razer Basilisk Mobile RZ01-04310100-R3A1 (Đen)','250911679','- Kết nối: không dây, có dây, bluetooth\n- Cảm biến quang học Razer Focus X 18K\n- DPI tối đa: 18000 DPI\n- Số nút có thê lập trình: 10\n- Switch chuột quang thế hệ 3\n&nbsp;\n&nbsp;',1975000,2408537,'https://lh3.googleusercontent.com/sqPnFKgWzHSBjnPhJs0wwmREI7E0PNrysIPXu__bFF5W3hKDg04wyHrsmEmda0StuETCgbYELjQa9IoIN4SvY2eNAClrfVKw9w',NULL,6,11,NULL,13,368,0.0,0,1,'2026-04-23 16:50:29','2026-04-23 16:50:29'),(196,'Chuột Gaming không dây ATK U2 Pro Tri-mode (Đen)','250900533','Loại chuột Chuột không dâyKết nối chuột 2.4 GHz Wireless, USBSwitch chính Huano Ice Berry Pink DotTên cảm biến PAW3395 UltraKích thước 123.7 x 64.6 x 39.1 mmKhối lượng 44g',989000,1284416,'https://lh3.googleusercontent.com/cW_iFfikKmNLcmxBH-Zu3E7IZiQLzK0Rr5TZ79igZvefh7OWlQ2KdORO-h_cwuI25i40kziL-aanEZXsEYLqglWNesQhhyir',NULL,6,22,NULL,75,191,0.0,0,1,'2026-04-23 16:50:29','2026-04-23 16:50:29'),(197,'Chuột Gaming không dây ATK VXE R1 SE+ Plus Tri-mode (Đen)','250900534','Loại chuột Chuột không dâyKết nối chuột: Bluetooth, 2.4 GHz Wireless, USB Type CSwitch: Huano Blue v2DPI tối đa 18000DPIKích thước 120.6 x 64 x 37.8mmKhối lượng 55g',499000,NULL,'https://lh3.googleusercontent.com/IV6yVNOedpb-g9jWBVjCJ47scgzKcAooB_B6KAJ1_Ws0oH0wQfFrou9kxDfnjFgo94zpO8MuG1F0_wbsruOlc7f-8NgNaJIQeQ',NULL,6,22,NULL,65,874,0.0,0,1,'2026-04-23 16:50:29','2026-04-23 16:50:29'),(198,'Bàn phím cơ Gaming Logitech G515 TKL 920-012912 (Đen)','250900527','- Bàn phím cơ\n- Kết nối: USB\n- Switch: GL Tactile\n- Phím chức năng: Có',2390000,NULL,'https://lh3.googleusercontent.com/X9pBtt9sRbCpkQ7etiJzgBu9PxtJfJy3w1ivpbNcp2ebSq0eycJZIzaexUhgi0NMMU-38WRByQLorVcakpP32-8ZcAy013EC',NULL,7,13,NULL,95,568,0.0,0,1,'2026-04-23 16:50:29','2026-04-23 16:50:29'),(199,'Chuột Gaming không dây ATK U2 Plus Tri-mode (Trắng)','250900528','Loại chuột Chuột không dâyKết nối chuột NearLink, Bluetooth, USBSwitch chính Huano Ice Berry Pink DotTên cảm biến PAW3395 UltraKích thước 123.7 x 64.6 x 39.1 mmKhối lượng 55g',749000,796809,'https://lh3.googleusercontent.com/QVOeuckiT1y2LMIJWjZTljI62MV7su7Wn2KPcrsc1D3SX13KgIe6Aa6WSES4hlllxYPgoIKXpaE5zPZZplTn0zR-dvGeMHKm',NULL,6,22,NULL,90,313,0.0,0,1,'2026-04-23 16:50:29','2026-04-23 16:50:29'),(200,'Chuột Gaming không dây ATK U2 Ultimate Tri-mode (Đen)','250900517','Loại chuột Chuột không dâyKết nối chuột 2.4 GHz Wireless, USBSwitch chính Omron OpticalDPI tối đa 30000DPITên cảm biến PAW3950 UltraKích thước 123.7 x 64.6 x 39.1 mmKhối lượng 49g',1549000,NULL,'https://lh3.googleusercontent.com/hT9RDTdOTqNOzHSdArZY9iWIVrMDgHQ4GhJLJMeZZQXOfxanXVnxKNJPcThnNNOMEpEOD5Ub6cxAC7kWN99Gryd1cQLR-vZI',NULL,6,22,NULL,11,582,0.0,0,1,'2026-04-23 16:50:29','2026-04-23 16:50:29');
/*!40000 ALTER TABLE `products` ENABLE KEYS */;
UNLOCK TABLES;

--
-- Table structure for table `reviews`
--

DROP TABLE IF EXISTS `reviews`;
/*!40101 SET @saved_cs_client     = @@character_set_client */;
/*!50503 SET character_set_client = utf8mb4 */;
CREATE TABLE `reviews` (
  `id` int NOT NULL AUTO_INCREMENT,
  `userId` int NOT NULL,
  `productId` int NOT NULL,
  `rating` int NOT NULL,
  `comment` text NOT NULL,
  `isVisible` tinyint(1) NOT NULL DEFAULT '1',
  `adminReply` text,
  `createdAt` datetime NOT NULL,
  `updatedAt` datetime NOT NULL,
  PRIMARY KEY (`id`),
  KEY `userId` (`userId`),
  KEY `productId` (`productId`),
  CONSTRAINT `reviews_ibfk_1` FOREIGN KEY (`userId`) REFERENCES `users` (`id`) ON DELETE CASCADE ON UPDATE CASCADE,
  CONSTRAINT `reviews_ibfk_2` FOREIGN KEY (`productId`) REFERENCES `products` (`id`) ON DELETE CASCADE ON UPDATE CASCADE
) ENGINE=InnoDB DEFAULT CHARSET=utf8mb4 COLLATE=utf8mb4_0900_ai_ci;
/*!40101 SET character_set_client = @saved_cs_client */;

--
-- Dumping data for table `reviews`
--

LOCK TABLES `reviews` WRITE;
/*!40000 ALTER TABLE `reviews` DISABLE KEYS */;
/*!40000 ALTER TABLE `reviews` ENABLE KEYS */;
UNLOCK TABLES;

--
-- Table structure for table `users`
--

DROP TABLE IF EXISTS `users`;
/*!40101 SET @saved_cs_client     = @@character_set_client */;
/*!50503 SET character_set_client = utf8mb4 */;
CREATE TABLE `users` (
  `id` int NOT NULL AUTO_INCREMENT,
  `name` varchar(100) NOT NULL,
  `email` varchar(100) NOT NULL,
  `password` varchar(255) NOT NULL,
  `phone` varchar(20) DEFAULT NULL,
  `avatar` longtext,
  `address` text,
  `city` varchar(100) DEFAULT NULL,
  `district` varchar(100) DEFAULT NULL,
  `ward` varchar(100) DEFAULT NULL,
  `isVerified` tinyint(1) NOT NULL DEFAULT '0',
  `otp` varchar(6) DEFAULT NULL,
  `otpExpiry` datetime DEFAULT NULL,
  `otpPurpose` enum('REGISTER','RESET_PASSWORD','CHANGE_EMAIL','CHANGE_PHONE') DEFAULT NULL,
  `pendingEmail` varchar(100) DEFAULT NULL,
  `pendingPhone` varchar(20) DEFAULT NULL,
  `role` enum('USER','ADMIN') NOT NULL DEFAULT 'USER',
  `createdAt` datetime NOT NULL,
  `updatedAt` datetime NOT NULL,
  PRIMARY KEY (`id`),
  UNIQUE KEY `email` (`email`),
  UNIQUE KEY `phone` (`phone`)
) ENGINE=InnoDB AUTO_INCREMENT=3 DEFAULT CHARSET=utf8mb4 COLLATE=utf8mb4_0900_ai_ci;
/*!40101 SET character_set_client = @saved_cs_client */;

--
-- Dumping data for table `users`
--

LOCK TABLES `users` WRITE;
/*!40000 ALTER TABLE `users` DISABLE KEYS */;
INSERT INTO `users` VALUES (1,'Admin Demo','admin@ddnc.local','$2b$10$2NixsJL0pQLBEKRHcRnSHe7Q3M38P9jdcgpJwRqOJw0PxZWrM3VkW','0900000001',NULL,NULL,NULL,NULL,NULL,1,NULL,NULL,NULL,NULL,NULL,'ADMIN','2026-04-23 16:58:12','2026-04-23 16:58:12'),(2,'Khach Demo','user@ddnc.local','$2b$10$qacicFLkNVKBF7eFKfUU/OyNhSq0fxOWrebV0hmr1HudX4RYKTe2u','0900000002',NULL,NULL,NULL,NULL,NULL,1,NULL,NULL,NULL,NULL,NULL,'USER','2026-04-23 16:58:12','2026-04-23 16:58:12');
/*!40000 ALTER TABLE `users` ENABLE KEYS */;
UNLOCK TABLES;

--
-- Dumping events for database 'be_btvn'
--

--
-- Dumping routines for database 'be_btvn'
--
/*!40103 SET TIME_ZONE=@OLD_TIME_ZONE */;

/*!40101 SET SQL_MODE=@OLD_SQL_MODE */;
/*!40014 SET FOREIGN_KEY_CHECKS=@OLD_FOREIGN_KEY_CHECKS */;
/*!40014 SET UNIQUE_CHECKS=@OLD_UNIQUE_CHECKS */;
/*!40101 SET CHARACTER_SET_CLIENT=@OLD_CHARACTER_SET_CLIENT */;
/*!40101 SET CHARACTER_SET_RESULTS=@OLD_CHARACTER_SET_RESULTS */;
/*!40101 SET COLLATION_CONNECTION=@OLD_COLLATION_CONNECTION */;
/*!40111 SET SQL_NOTES=@OLD_SQL_NOTES */;

-- Dump completed on 2026-04-23 16:58:26
